Date,Rate
01/01/1986,..
02/01/1986,10.0000
03/01/1986,6.0000
06/01/1986,10.0000
07/01/1986,8.0000
08/01/1986,9.8700
09/01/1986,9.0000
10/01/1986,6.0000
13/01/1986,10.0000
14/01/1986,6.0000
15/01/1986,6.0000
16/01/1986,6.0000
17/01/1986,6.0000
20/01/1986,10.0000
21/01/1986,10.0000
22/01/1986,9.0000
23/01/1986,15.0000
24/01/1986,7.0000
27/01/1986,12.0000
28/01/1986,15.0000
29/01/1986,16.0000
30/01/1986,16.0000
31/01/1986,12.0000
03/02/1986,20.0000
04/02/1986,20.0000
05/02/1986,15.0000
06/02/1986,..
07/02/1986,..
10/02/1986,20.0000
11/02/1986,20.0000
12/02/1986,20.0000
13/02/1986,25.0000
14/02/1986,25.0000
17/02/1986,25.0000
18/02/1986,7.0000
19/02/1986,6.0000
20/02/1986,6.0000
21/02/1986,6.0000
24/02/1986,..
25/02/1986,..
26/02/1986,8.0000
27/02/1986,10.0000
28/02/1986,6.0000
03/03/1986,18.0000
04/03/1986,22.0000
05/03/1986,25.0000
06/03/1986,30.0000
07/03/1986,8.0000
10/03/1986,15.0000
11/03/1986,18.0000
12/03/1986,15.0000
13/03/1986,20.0000
14/03/1986,6.0000
17/03/1986,12.0000
18/03/1986,12.0000
19/03/1986,12.0000
20/03/1986,8.0000
21/03/1986,6.0000
24/03/1986,14.0000
25/03/1986,13.0000
26/03/1986,6.0000
27/03/1986,..
28/03/1986,..
31/03/1986,15.0000
01/04/1986,15.0000
02/04/1986,15.0000
03/04/1986,12.0000
04/04/1986,6.0000
07/04/1986,15.0000
08/04/1986,12.0000
09/04/1986,13.0000
10/04/1986,15.0000
11/04/1986,6.0000
14/04/1986,15.0000
15/04/1986,15.0000
16/04/1986,15.0000
17/04/1986,14.0000
18/04/1986,6.0000
21/04/1986,15.0000
22/04/1986,15.0000
23/04/1986,12.0000
24/04/1986,6.0000
25/04/1986,5.0000
28/04/1986,15.0000
29/04/1986,16.0000
30/04/1986,15.0000
01/05/1986,..
02/05/1986,6.0000
05/05/1986,12.0000
06/05/1986,..
07/05/1986,12.0000
08/05/1986,13.0000
09/05/1986,6.0000
12/05/1986,16.0000
13/05/1986,12.0000
14/05/1986,9.0000
15/05/1986,7.0000
16/05/1986,5.0000
19/05/1986,6.0000
20/05/1986,5.0000
21/05/1986,5.0000
22/05/1986,5.0000
23/05/1986,5.0000
26/05/1986,7.0000
27/05/1986,11.0000
28/05/1986,11.0000
29/05/1986,10.0000
30/05/1986,5.0000
02/06/1986,7.0000
03/06/1986,7.0000
04/06/1986,10.0000
05/06/1986,10.0000
06/06/1986,5.0000
09/06/1986,11.0000
10/06/1986,12.0000
11/06/1986,11.0000
12/06/1986,..
13/06/1986,5.0000
16/06/1986,10.0000
17/06/1986,11.0000
18/06/1986,11.0000
19/06/1986,12.0000
20/06/1986,12.0000
23/06/1986,11.0000
24/06/1986,..
25/06/1986,10.0000
26/06/1986,7.0000
27/06/1986,5.0000
30/06/1986,9.0000
01/07/1986,12.0000
02/07/1986,14.0000
03/07/1986,5.0000
04/07/1986,..
07/07/1986,7.0000
08/07/1986,10.0000
09/07/1986,10.0000
10/07/1986,..
11/07/1986,5.0000
14/07/1986,7.0000
15/07/1986,7.0000
16/07/1986,6.0000
17/07/1986,7.0000
18/07/1986,5.0000
21/07/1986,8.0000
22/07/1986,7.0000
23/07/1986,6.0000
24/07/1986,5.0000
25/07/1986,5.0000
28/07/1986,10.0000
29/07/1986,9.0000
30/07/1986,10.0000
31/07/1986,12.0000
01/08/1986,5.0000
04/08/1986,12.0000
05/08/1986,13.0000
06/08/1986,12.0000
07/08/1986,6.0000
08/08/1986,5.0000
11/08/1986,7.0000
12/08/1986,7.0000
13/08/1986,6.0000
14/08/1986,5.0000
15/08/1986,5.0000
18/08/1986,5.0000
19/08/1986,5.0000
20/08/1986,5.0000
21/08/1986,..
22/08/1986,5.0000
25/08/1986,5.0000
26/08/1986,5.0000
27/08/1986,5.0000
28/08/1986,5.0000
29/08/1986,5.0000
01/09/1986,6.0000
02/09/1986,..
03/09/1986,6.0000
04/09/1986,10.0000
05/09/1986,10.0000
08/09/1986,12.0000
09/09/1986,11.0000
10/09/1986,11.0000
11/09/1986,11.0000
12/09/1986,10.0000
15/09/1986,6.0000
16/09/1986,11.0000
17/09/1986,11.0000
18/09/1986,5.0000
19/09/1986,5.0000
22/09/1986,8.0000
23/09/1986,10.0000
24/09/1986,10.0000
25/09/1986,13.0000
26/09/1986,5.0000
29/09/1986,8.0000
30/09/1986,6.0000
01/10/1986,5.0000
02/10/1986,7.0000
03/10/1986,5.0000
06/10/1986,..
07/10/1986,9.0000
08/10/1986,10.0000
09/10/1986,7.0000
10/10/1986,5.0000
13/10/1986,8.0000
14/10/1986,10.0000
15/10/1986,8.0000
16/10/1986,8.0000
17/10/1986,5.0000
20/10/1986,8.0000
21/10/1986,..
22/10/1986,..
23/10/1986,..
24/10/1986,..
27/10/1986,8.7600
28/10/1986,4.5000
29/10/1986,4.5000
30/10/1986,5.0000
31/10/1986,..
03/11/1986,7.5150
04/11/1986,8.0000
05/11/1986,7.0000
06/11/1986,8.0000
07/11/1986,7.0000
10/11/1986,4.5000
11/11/1986,4.5000
12/11/1986,4.2500
13/11/1986,4.2500
14/11/1986,6.0000
17/11/1986,4.5000
18/11/1986,6.0000
19/11/1986,6.0000
20/11/1986,6.0000
21/11/1986,4.0000
24/11/1986,7.0000
25/11/1986,..
26/11/1986,7.0000
27/11/1986,7.0000
28/11/1986,6.0000
01/12/1986,..
02/12/1986,6.5000
03/12/1986,5.0000
04/12/1986,8.0000
05/12/1986,6.0000
08/12/1986,8.0000
09/12/1986,8.0000
10/12/1986,7.0000
11/12/1986,7.0000
12/12/1986,6.0000
15/12/1986,8.0000
16/12/1986,9.0000
17/12/1986,9.2500
18/12/1986,10.0000
19/12/1986,9.0000
22/12/1986,15.0000
23/12/1986,16.0000
24/12/1986,16.0000
25/12/1986,..
26/12/1986,..
29/12/1986,15.0000
30/12/1986,..
31/12/1986,..
01/01/1987,..
02/01/1987,14.0000
05/01/1987,14.0000
06/01/1987,13.0000
07/01/1987,12.0000
08/01/1987,11.7500
09/01/1987,8.0000
12/01/1987,12.0000
13/01/1987,12.0000
14/01/1987,9.0000
15/01/1987,9.5000
16/01/1987,7.0000
19/01/1987,5.0000
20/01/1987,5.0000
21/01/1987,5.0000
22/01/1987,5.0000
23/01/1987,5.0000
26/01/1987,9.0000
27/01/1987,8.0000
28/01/1987,5.0000
29/01/1987,8.5000
30/01/1987,5.0000
02/02/1987,..
03/02/1987,8.0000
04/02/1987,6.0000
05/02/1987,5.0000
06/02/1987,5.0000
09/02/1987,5.0000
10/02/1987,5.0000
11/02/1987,5.0000
12/02/1987,5.0000
13/02/1987,5.0000
16/02/1987,5.0000
17/02/1987,5.0000
18/02/1987,5.0000
19/02/1987,7.0000
20/02/1987,5.0000
23/02/1987,9.0000
24/02/1987,5.0000
25/02/1987,..
26/02/1987,8.0000
27/02/1987,6.0000
02/03/1987,9.0000
03/03/1987,11.7500
04/03/1987,10.0000
05/03/1987,13.5000
06/03/1987,10.0000
09/03/1987,11.5000
10/03/1987,10.0000
11/03/1987,10.0000
12/03/1987,9.0000
13/03/1987,8.0000
16/03/1987,11.0000
17/03/1987,18.0000
18/03/1987,10.0000
19/03/1987,8.0000
20/03/1987,5.0000
23/03/1987,7.0000
24/03/1987,9.7500
25/03/1987,6.0000
26/03/1987,8.0000
27/03/1987,7.0000
30/03/1987,8.0000
31/03/1987,8.0000
01/04/1987,10.0000
02/04/1987,11.5000
03/04/1987,7.0000
06/04/1987,9.0000
07/04/1987,8.0000
08/04/1987,8.0000
09/04/1987,8.0000
10/04/1987,7.0000
13/04/1987,8.0000
14/04/1987,10.0000
15/04/1987,5.0000
16/04/1987,..
17/04/1987,..
20/04/1987,7.0000
21/04/1987,16.0000
22/04/1987,13.0000
23/04/1987,8.0000
24/04/1987,7.0000
27/04/1987,9.0000
28/04/1987,9.0000
29/04/1987,8.0000
30/04/1987,7.0000
01/05/1987,..
04/05/1987,9.0000
05/05/1987,15.0000
06/05/1987,..
07/05/1987,14.0000
08/05/1987,5.0000
11/05/1987,..
12/05/1987,..
13/05/1987,8.0000
14/05/1987,8.0000
15/05/1987,6.0000
18/05/1987,8.0000
19/05/1987,8.0000
20/05/1987,6.0000
21/05/1987,6.0000
22/05/1987,6.0000
25/05/1987,8.0000
26/05/1987,8.0000
27/05/1987,6.0000
28/05/1987,8.0000
29/05/1987,5.0000
01/06/1987,6.0000
02/06/1987,7.0000
03/06/1987,8.0000
04/06/1987,5.0000
05/06/1987,6.0000
08/06/1987,6.0000
09/06/1987,6.0000
10/06/1987,5.0000
11/06/1987,5.0000
12/06/1987,..
15/06/1987,8.5000
16/06/1987,8.0000
17/06/1987,7.5000
18/06/1987,7.0000
19/06/1987,5.0000
22/06/1987,5.0000
23/06/1987,..
24/06/1987,..
25/06/1987,5.0000
26/06/1987,5.0000
29/06/1987,5.0000
30/06/1987,5.0000
01/07/1987,6.0000
02/07/1987,6.0000
03/07/1987,5.0000
06/07/1987,7.0000
07/07/1987,7.0000
08/07/1987,7.2500
09/07/1987,7.2500
10/07/1987,6.0000
13/07/1987,6.0000
14/07/1987,7.0000
15/07/1987,5.0000
16/07/1987,6.0000
17/07/1987,5.0000
20/07/1987,6.0000
21/07/1987,6.0000
22/07/1987,9.0000
23/07/1987,5.0000
24/07/1987,5.0000
27/07/1987,7.0000
28/07/1987,7.0000
29/07/1987,5.0000
30/07/1987,5.0000
31/07/1987,5.0000
03/08/1987,6.5000
04/08/1987,6.0000
05/08/1987,5.0000
06/08/1987,5.5000
07/08/1987,5.0000
10/08/1987,5.0000
11/08/1987,5.0000
12/08/1987,5.0000
13/08/1987,..
14/08/1987,5.0000
17/08/1987,8.0000
18/08/1987,8.0000
19/08/1987,8.2500
20/08/1987,8.2500
21/08/1987,8.0000
24/08/1987,8.2500
25/08/1987,8.2500
26/08/1987,8.0000
27/08/1987,8.0000
28/08/1987,6.0000
31/08/1987,8.2500
01/09/1987,8.0000
02/09/1987,10.0000
03/09/1987,15.0000
04/09/1987,9.0000
07/09/1987,8.0000
08/09/1987,12.0000
09/09/1987,12.0000
10/09/1987,15.5600
11/09/1987,15.0000
14/09/1987,18.0000
15/09/1987,20.0000
16/09/1987,22.0000
17/09/1987,22.0000
18/09/1987,15.0000
21/09/1987,8.0000
22/09/1987,9.0000
23/09/1987,10.0000
24/09/1987,11.0000
25/09/1987,12.0000
28/09/1987,12.0000
29/09/1987,12.0000
30/09/1987,5.0000
01/10/1987,5.0000
02/10/1987,5.0000
05/10/1987,7.0000
06/10/1987,7.0000
07/10/1987,7.0000
08/10/1987,7.5000
09/10/1987,7.0000
12/10/1987,10.0000
13/10/1987,10.0000
14/10/1987,10.0000
15/10/1987,10.0000
16/10/1987,10.0000
19/10/1987,16.0000
20/10/1987,16.0000
21/10/1987,15.0000
22/10/1987,15.0000
23/10/1987,13.0000
26/10/1987,16.0000
27/10/1987,16.0000
28/10/1987,16.0000
29/10/1987,15.0000
30/10/1987,13.0000
02/11/1987,..
03/11/1987,..
04/11/1987,..
05/11/1987,..
06/11/1987,..
09/11/1987,5.0000
10/11/1987,5.0000
11/11/1987,..
12/11/1987,..
13/11/1987,..
16/11/1987,8.2500
17/11/1987,12.0000
18/11/1987,12.0000
19/11/1987,..
20/11/1987,..
23/11/1987,..
24/11/1987,..
25/11/1987,..
26/11/1987,..
27/11/1987,..
30/11/1987,..
01/12/1987,..
02/12/1987,9.0000
03/12/1987,..
04/12/1987,..
07/12/1987,..
08/12/1987,..
09/12/1987,..
10/12/1987,..
11/12/1987,..
14/12/1987,..
15/12/1987,..
16/12/1987,..
17/12/1987,..
18/12/1987,..
21/12/1987,..
22/12/1987,..
23/12/1987,..
24/12/1987,..
25/12/1987,..
28/12/1987,..
29/12/1987,..
30/12/1987,..
31/12/1987,..
01/01/1988,..
04/01/1988,..
05/01/1988,..
06/01/1988,..
07/01/1988,..
08/01/1988,..
11/01/1988,..
12/01/1988,..
13/01/1988,..
14/01/1988,..
15/01/1988,..
18/01/1988,..
19/01/1988,..
20/01/1988,..
21/01/1988,..
22/01/1988,..
25/01/1988,..
26/01/1988,..
27/01/1988,..
28/01/1988,..
29/01/1988,..
01/02/1988,14.0000
02/02/1988,14.0000
03/02/1988,13.0000
04/02/1988,13.0000
05/02/1988,11.0000
08/02/1988,11.0000
09/02/1988,11.0000
10/02/1988,11.0000
11/02/1988,11.0000
12/02/1988,11.0000
15/02/1988,11.0000
16/02/1988,11.0000
17/02/1988,11.0000
18/02/1988,11.0000
19/02/1988,5.0000
22/02/1988,5.0000
23/02/1988,5.0000
24/02/1988,5.0000
25/02/1988,..
26/02/1988,5.0000
29/02/1988,..
01/03/1988,..
02/03/1988,..
03/03/1988,12.0000
04/03/1988,..
07/03/1988,7.0000
08/03/1988,6.0000
09/03/1988,5.0000
10/03/1988,5.0000
11/03/1988,5.0000
14/03/1988,5.0000
15/03/1988,10.0000
16/03/1988,16.0000
17/03/1988,16.0000
18/03/1988,10.0000
21/03/1988,13.0000
22/03/1988,8.0000
23/03/1988,5.0000
24/03/1988,5.0000
25/03/1988,4.7500
28/03/1988,5.5000
29/03/1988,16.0000
30/03/1988,5.0000
31/03/1988,..
01/04/1988,..
04/04/1988,10.0000
05/04/1988,18.0000
06/04/1988,25.0000
07/04/1988,15.0000
08/04/1988,5.0000
11/04/1988,6.0000
12/04/1988,5.0000
13/04/1988,5.0000
14/04/1988,5.0000
15/04/1988,5.0000
18/04/1988,5.0000
19/04/1988,5.0000
20/04/1988,5.0000
21/04/1988,5.0000
22/04/1988,5.0000
25/04/1988,6.0000
26/04/1988,17.0000
27/04/1988,25.0000
28/04/1988,17.0000
29/04/1988,5.0000
02/05/1988,20.0000
03/05/1988,26.0000
04/05/1988,10.0000
05/05/1988,10.0000
06/05/1988,5.0000
09/05/1988,10.0000
10/05/1988,5.0000
11/05/1988,8.0000
12/05/1988,7.7500
13/05/1988,5.0000
16/05/1988,10.0000
17/05/1988,15.0000
18/05/1988,10.0000
19/05/1988,5.0000
20/05/1988,5.0000
23/05/1988,7.0000
24/05/1988,10.0000
25/05/1988,6.0000
26/05/1988,5.0000
27/05/1988,5.0000
30/05/1988,6.0000
31/05/1988,7.0000
01/06/1988,6.0000
02/06/1988,7.0000
03/06/1988,5.0000
06/06/1988,8.0000
07/06/1988,8.0000
08/06/1988,9.5000
09/06/1988,9.5000
10/06/1988,7.5000
13/06/1988,10.0000
14/06/1988,9.5000
15/06/1988,9.0000
16/06/1988,8.5000
17/06/1988,5.0000
20/06/1988,12.0000
21/06/1988,15.0000
22/06/1988,8.0000
23/06/1988,5.0000
24/06/1988,9.0000
27/06/1988,10.0000
28/06/1988,10.0000
29/06/1988,10.0000
30/06/1988,10.0000
01/07/1988,5.0000
04/07/1988,8.0000
05/07/1988,8.0000
06/07/1988,5.0000
07/07/1988,5.0000
08/07/1988,5.0000
11/07/1988,9.0000
12/07/1988,10.0000
13/07/1988,13.5000
14/07/1988,14.0000
15/07/1988,5.0000
18/07/1988,12.0000
19/07/1988,15.0000
20/07/1988,9.0000
21/07/1988,5.0000
22/07/1988,5.0000
25/07/1988,9.0000
26/07/1988,13.0000
27/07/1988,8.0000
28/07/1988,5.0000
29/07/1988,5.0000
01/08/1988,12.0000
02/08/1988,16.0000
03/08/1988,18.0000
04/08/1988,20.0000
05/08/1988,7.0000
08/08/1988,9.0000
09/08/1988,7.0000
10/08/1988,5.0000
11/08/1988,5.0000
12/08/1988,5.0000
15/08/1988,12.0000
16/08/1988,14.0000
17/08/1988,10.0000
18/08/1988,5.0000
19/08/1988,5.0000
22/08/1988,10.0000
23/08/1988,7.0000
24/08/1988,5.0000
25/08/1988,5.0000
26/08/1988,5.0000
29/08/1988,7.5000
30/08/1988,7.0000
31/08/1988,7.5000
01/09/1988,11.0000
02/09/1988,5.0000
05/09/1988,9.0000
06/09/1988,14.0000
07/09/1988,8.0000
08/09/1988,5.0000
09/09/1988,5.0000
12/09/1988,11.0000
13/09/1988,15.0000
14/09/1988,15.0000
15/09/1988,12.0000
16/09/1988,5.0000
19/09/1988,14.0000
20/09/1988,20.0000
21/09/1988,15.0000
22/09/1988,5.0000
23/09/1988,5.0000
26/09/1988,15.0000
27/09/1988,18.0000
28/09/1988,18.0000
29/09/1988,18.0000
30/09/1988,22.0000
03/10/1988,18.0000
04/10/1988,18.0000
05/10/1988,18.0000
06/10/1988,18.0000
07/10/1988,14.0000
10/10/1988,7.0000
11/10/1988,5.0000
12/10/1988,6.5000
13/10/1988,5.0000
14/10/1988,5.0000
17/10/1988,7.5000
18/10/1988,16.0000
19/10/1988,18.0000
20/10/1988,20.0000
21/10/1988,9.0000
24/10/1988,10.0000
25/10/1988,..
26/10/1988,13.7500
27/10/1988,13.5000
28/10/1988,5.0000
31/10/1988,..
01/11/1988,14.0000
02/11/1988,15.0000
03/11/1988,8.0000
04/11/1988,18.0000
07/11/1988,15.0000
08/11/1988,13.0000
09/11/1988,18.0000
10/11/1988,5.0000
11/11/1988,14.0000
14/11/1988,14.0000
15/11/1988,14.0000
16/11/1988,14.0000
17/11/1988,5.0000
18/11/1988,14.0000
21/11/1988,14.0000
22/11/1988,14.0000
23/11/1988,14.0000
24/11/1988,5.0000
25/11/1988,8.0000
28/11/1988,7.0000
29/11/1988,..
30/11/1988,12.0000
01/12/1988,15.5000
02/12/1988,20.0000
05/12/1988,19.0000
06/12/1988,10.0000
07/12/1988,6.0000
08/12/1988,12.0000
09/12/1988,10.0000
12/12/1988,17.0000
13/12/1988,15.0000
14/12/1988,14.5000
15/12/1988,12.0000
16/12/1988,18.0000
19/12/1988,10.0000
20/12/1988,14.5000
21/12/1988,14.0000
22/12/1988,12.0000
23/12/1988,14.0000
26/12/1988,14.0000
27/12/1988,14.0000
28/12/1988,14.0000
29/12/1988,..
30/12/1988,..
02/01/1989,14.5000
03/01/1989,14.5000
04/01/1989,14.0000
05/01/1989,13.8750
06/01/1989,11.0000
09/01/1989,14.0000
10/01/1989,14.0000
11/01/1989,13.8750
12/01/1989,13.8750
13/01/1989,11.0000
16/01/1989,14.0000
17/01/1989,13.8750
18/01/1989,13.8750
19/01/1989,13.8750
20/01/1989,10.8750
23/01/1989,13.7500
24/01/1989,13.7500
25/01/1989,13.7500
26/01/1989,13.7500
27/01/1989,10.7500
30/01/1989,13.5000
31/01/1989,13.5000
01/02/1989,13.5000
02/02/1989,13.5000
03/02/1989,6.0000
06/02/1989,13.2500
07/02/1989,13.2500
08/02/1989,13.2500
09/02/1989,13.2500
10/02/1989,10.7500
13/02/1989,13.7500
14/02/1989,13.7500
15/02/1989,13.7500
16/02/1989,13.7500
17/02/1989,10.5000
20/02/1989,13.7500
21/02/1989,13.7500
22/02/1989,13.7500
23/02/1989,13.7500
24/02/1989,10.0000
27/02/1989,13.7500
28/02/1989,13.7500
01/03/1989,13.7500
02/03/1989,13.7500
03/03/1989,10.0000
06/03/1989,13.7500
07/03/1989,13.7500
08/03/1989,13.5000
09/03/1989,13.5000
10/03/1989,10.0000
13/03/1989,13.5000
14/03/1989,13.5000
15/03/1989,13.5000
16/03/1989,13.5000
17/03/1989,10.0000
20/03/1989,13.5000
21/03/1989,13.0000
22/03/1989,10.0000
23/03/1989,..
24/03/1989,..
27/03/1989,10.0000
28/03/1989,..
29/03/1989,12.5000
30/03/1989,12.5000
31/03/1989,10.0000
03/04/1989,12.5000
04/04/1989,12.5000
05/04/1989,12.5000
06/04/1989,12.5000
07/04/1989,10.0000
10/04/1989,12.8750
11/04/1989,12.8750
12/04/1989,12.7500
13/04/1989,12.5000
14/04/1989,10.0000
17/04/1989,12.5000
18/04/1989,12.5000
19/04/1989,12.5000
20/04/1989,12.5000
21/04/1989,10.0000
24/04/1989,12.5000
25/04/1989,12.5000
26/04/1989,12.5000
27/04/1989,12.5000
28/04/1989,..
01/05/1989,..
02/05/1989,10.0000
03/05/1989,12.5000
04/05/1989,..
05/05/1989,..
08/05/1989,..
09/05/1989,..
10/05/1989,..
11/05/1989,..
12/05/1989,10.0000
15/05/1989,12.5000
16/05/1989,12.5000
17/05/1989,..
18/05/1989,..
19/05/1989,..
22/05/1989,..
23/05/1989,..
24/05/1989,..
25/05/1989,..
26/05/1989,..
29/05/1989,..
30/05/1989,..
31/05/1989,..
01/06/1989,9.0000
02/06/1989,6.0000
05/06/1989,12.0000
06/06/1989,..
07/06/1989,12.5000
08/06/1989,12.5000
09/06/1989,5.0000
12/06/1989,..
13/06/1989,13.0000
14/06/1989,12.5000
15/06/1989,12.5000
16/06/1989,6.0000
19/06/1989,12.5000
20/06/1989,12.5000
21/06/1989,12.5000
22/06/1989,12.0000
23/06/1989,5.5000
26/06/1989,12.5000
27/06/1989,12.0000
28/06/1989,13.0000
29/06/1989,13.0000
30/06/1989,14.0000
03/07/1989,14.0000
04/07/1989,14.5000
05/07/1989,14.5000
06/07/1989,14.5000
07/07/1989,14.5000
10/07/1989,14.5000
11/07/1989,14.5000
12/07/1989,14.5000
13/07/1989,14.5000
14/07/1989,..
17/07/1989,..
18/07/1989,..
19/07/1989,..
20/07/1989,..
21/07/1989,..
24/07/1989,..
25/07/1989,..
26/07/1989,..
27/07/1989,..
28/07/1989,..
31/07/1989,..
01/08/1989,..
02/08/1989,..
03/08/1989,..
04/08/1989,..
07/08/1989,..
08/08/1989,..
09/08/1989,..
10/08/1989,..
11/08/1989,..
14/08/1989,..
15/08/1989,..
16/08/1989,..
17/08/1989,..
18/08/1989,..
21/08/1989,..
22/08/1989,..
23/08/1989,..
24/08/1989,..
25/08/1989,..
28/08/1989,..
29/08/1989,..
30/08/1989,..
31/08/1989,..
01/09/1989,..
04/09/1989,..
05/09/1989,..
06/09/1989,..
07/09/1989,..
08/09/1989,..
11/09/1989,..
12/09/1989,..
13/09/1989,..
14/09/1989,..
15/09/1989,5.0000
18/09/1989,20.0000
19/09/1989,..
20/09/1989,..
21/09/1989,..
22/09/1989,..
25/09/1989,..
26/09/1989,..
27/09/1989,..
28/09/1989,..
29/09/1989,27.5000
02/10/1989,50.0000
03/10/1989,69.6900
04/10/1989,..
05/10/1989,..
06/10/1989,..
09/10/1989,..
10/10/1989,..
11/10/1989,..
12/10/1989,..
13/10/1989,5.0000
16/10/1989,..
17/10/1989,14.0000
18/10/1989,15.0000
19/10/1989,15.0000
20/10/1989,5.0000
23/10/1989,18.0000
24/10/1989,15.0000
25/10/1989,15.0000
26/10/1989,15.0000
27/10/1989,5.0000
30/10/1989,16.0000
31/10/1989,8.0000
01/11/1989,..
02/11/1989,16.0000
03/11/1989,5.0000
06/11/1989,15.0000
07/11/1989,15.0000
08/11/1989,12.0000
09/11/1989,12.0000
10/11/1989,..
13/11/1989,12.0000
14/11/1989,12.0000
15/11/1989,10.0000
16/11/1989,..
17/11/1989,..
20/11/1989,..
21/11/1989,..
22/11/1989,..
23/11/1989,..
24/11/1989,..
27/11/1989,..
28/11/1989,..
29/11/1989,..
30/11/1989,..
01/12/1989,..
04/12/1989,..
05/12/1989,..
06/12/1989,..
07/12/1989,..
08/12/1989,..
11/12/1989,..
12/12/1989,..
13/12/1989,..
14/12/1989,..
15/12/1989,..
18/12/1989,..
19/12/1989,..
20/12/1989,..
21/12/1989,..
22/12/1989,..
25/12/1989,..
26/12/1989,..
27/12/1989,..
28/12/1989,..
29/12/1989,..
01/01/1990,..
02/01/1990,..
03/01/1990,..
04/01/1990,..
05/01/1990,..
08/01/1990,..
09/01/1990,..
10/01/1990,..
11/01/1990,..
12/01/1990,..
15/01/1990,..
16/01/1990,..
17/01/1990,..
18/01/1990,..
19/01/1990,..
22/01/1990,..
23/01/1990,..
24/01/1990,..
25/01/1990,..
26/01/1990,..
29/01/1990,..
30/01/1990,..
31/01/1990,..
01/02/1990,..
02/02/1990,..
05/02/1990,..
06/02/1990,..
07/02/1990,..
08/02/1990,..
09/02/1990,..
12/02/1990,..
13/02/1990,..
14/02/1990,..
15/02/1990,..
16/02/1990,..
19/02/1990,..
20/02/1990,..
21/02/1990,..
22/02/1990,..
23/02/1990,..
26/02/1990,..
27/02/1990,..
28/02/1990,..
01/03/1990,..
02/03/1990,..
05/03/1990,..
06/03/1990,..
07/03/1990,..
08/03/1990,..
09/03/1990,..
12/03/1990,..
13/03/1990,..
14/03/1990,..
15/03/1990,..
16/03/1990,..
19/03/1990,..
20/03/1990,..
21/03/1990,..
22/03/1990,..
23/03/1990,..
26/03/1990,36.0000
27/03/1990,39.0000
28/03/1990,28.6250
29/03/1990,20.1250
30/03/1990,7.5625
02/04/1990,..
03/04/1990,..
04/04/1990,..
05/04/1990,..
06/04/1990,..
09/04/1990,..
10/04/1990,..
11/04/1990,..
12/04/1990,..
13/04/1990,..
16/04/1990,..
17/04/1990,..
18/04/1990,..
19/04/1990,..
20/04/1990,..
23/04/1990,..
24/04/1990,..
25/04/1990,..
26/04/1990,..
27/04/1990,..
30/04/1990,..
01/05/1990,..
02/05/1990,..
03/05/1990,..
04/05/1990,..
07/05/1990,..
08/05/1990,..
09/05/1990,..
10/05/1990,..
11/05/1990,..
14/05/1990,..
15/05/1990,..
16/05/1990,..
17/05/1990,..
18/05/1990,..
21/05/1990,..
22/05/1990,..
23/05/1990,..
24/05/1990,..
25/05/1990,..
28/05/1990,..
29/05/1990,..
30/05/1990,..
31/05/1990,..
01/06/1990,..
04/06/1990,..
05/06/1990,..
06/06/1990,..
07/06/1990,..
08/06/1990,..
11/06/1990,..
12/06/1990,..
13/06/1990,..
14/06/1990,..
15/06/1990,..
18/06/1990,..
19/06/1990,..
20/06/1990,..
21/06/1990,..
22/06/1990,..
25/06/1990,..
26/06/1990,..
27/06/1990,4.5000
28/06/1990,4.3750
29/06/1990,4.1250
02/07/1990,8.0000
03/07/1990,8.0000
04/07/1990,8.0000
05/07/1990,15.9375
06/07/1990,14.4375
09/07/1990,..
10/07/1990,..
11/07/1990,..
12/07/1990,..
13/07/1990,6.0000
16/07/1990,10.0000
17/07/1990,10.0000
18/07/1990,10.0000
19/07/1990,10.0000
20/07/1990,10.0000
23/07/1990,..
24/07/1990,..
25/07/1990,8.0000
26/07/1990,8.0000
27/07/1990,4.2500
30/07/1990,8.0000
31/07/1990,11.0000
01/08/1990,24.0000
02/08/1990,33.2500
03/08/1990,24.5625
06/08/1990,37.0625
07/08/1990,32.2900
08/08/1990,..
09/08/1990,..
10/08/1990,..
13/08/1990,..
14/08/1990,..
15/08/1990,..
16/08/1990,..
17/08/1990,..
20/08/1990,..
21/08/1990,..
22/08/1990,..
23/08/1990,..
24/08/1990,..
27/08/1990,20.6875
28/08/1990,32.7500
29/08/1990,37.3125
30/08/1990,35.5000
31/08/1990,21.5625
03/09/1990,39.5000
04/09/1990,59.1875
05/09/1990,35.2500
06/09/1990,27.0625
07/09/1990,7.9082
10/09/1990,..
11/09/1990,..
12/09/1990,..
13/09/1990,..
14/09/1990,..
17/09/1990,..
18/09/1990,..
19/09/1990,..
20/09/1990,..
21/09/1990,..
24/09/1990,..
25/09/1990,..
26/09/1990,..
27/09/1990,..
28/09/1990,..
01/10/1990,..
02/10/1990,..
03/10/1990,..
04/10/1990,..
05/10/1990,..
08/10/1990,..
09/10/1990,..
10/10/1990,..
11/10/1990,..
12/10/1990,..
15/10/1990,..
16/10/1990,..
17/10/1990,..
18/10/1990,..
19/10/1990,..
22/10/1990,..
23/10/1990,..
24/10/1990,..
25/10/1990,..
26/10/1990,..
29/10/1990,..
30/10/1990,..
31/10/1990,..
01/11/1990,..
02/11/1990,..
05/11/1990,..
06/11/1990,..
07/11/1990,..
08/11/1990,..
09/11/1990,..
12/11/1990,..
13/11/1990,..
14/11/1990,..
15/11/1990,..
16/11/1990,..
19/11/1990,..
20/11/1990,..
21/11/1990,..
22/11/1990,..
23/11/1990,..
26/11/1990,..
27/11/1990,..
28/11/1990,..
29/11/1990,..
30/11/1990,..
03/12/1990,..
04/12/1990,..
05/12/1990,..
06/12/1990,..
07/12/1990,..
10/12/1990,..
11/12/1990,..
12/12/1990,..
13/12/1990,..
14/12/1990,..
17/12/1990,..
18/12/1990,..
19/12/1990,..
20/12/1990,..
21/12/1990,15.0000
24/12/1990,..
25/12/1990,..
26/12/1990,73.9375
27/12/1990,94.6875
28/12/1990,19.3080
31/12/1990,..
01/01/1991,..
02/01/1991,35.0000
03/01/1991,37.0000
04/01/1991,9.6850
07/01/1991,23.5040
08/01/1991,16.0110
09/01/1991,10.0000
10/01/1991,10.0000
11/01/1991,5.0000
14/01/1991,10.0000
15/01/1991,8.0000
16/01/1991,8.0000
17/01/1991,8.0000
18/01/1991,5.0000
21/01/1991,8.0000
22/01/1991,8.0000
23/01/1991,8.0000
24/01/1991,8.0000
25/01/1991,5.0000
28/01/1991,8.0000
29/01/1991,8.0000
30/01/1991,8.0000
31/01/1991,8.0000
01/02/1991,5.0000
04/02/1991,7.0000
05/02/1991,7.0000
06/02/1991,7.0000
07/02/1991,7.0000
08/02/1991,4.7500
11/02/1991,7.0000
12/02/1991,7.0000
13/02/1991,7.0000
14/02/1991,7.0000
15/02/1991,4.7500
18/02/1991,7.0000
19/02/1991,7.0000
20/02/1991,7.0000
21/02/1991,..
22/02/1991,4.7500
25/02/1991,7.0000
26/02/1991,7.0000
27/02/1991,7.0000
28/02/1991,7.0000
01/03/1991,4.7500
04/03/1991,7.0000
05/03/1991,7.0000
06/03/1991,7.0000
07/03/1991,7.0000
08/03/1991,..
11/03/1991,..
12/03/1991,..
13/03/1991,..
14/03/1991,..
15/03/1991,5.5000
18/03/1991,6.5000
19/03/1991,6.5000
20/03/1991,6.5000
21/03/1991,6.5000
22/03/1991,5.5000
25/03/1991,..
26/03/1991,9.5000
27/03/1991,5.5000
28/03/1991,..
29/03/1991,..
01/04/1991,..
02/04/1991,..
03/04/1991,..
04/04/1991,10.5000
05/04/1991,4.5000
08/04/1991,11.5000
09/04/1991,..
10/04/1991,..
11/04/1991,..
12/04/1991,..
15/04/1991,..
16/04/1991,..
17/04/1991,..
18/04/1991,..
19/04/1991,..
22/04/1991,..
23/04/1991,..
24/04/1991,..
25/04/1991,..
26/04/1991,4.2500
29/04/1991,4.5000
30/04/1991,4.5000
01/05/1991,..
02/05/1991,..
03/05/1991,..
06/05/1991,..
07/05/1991,..
08/05/1991,13.5000
09/05/1991,..
10/05/1991,..
13/05/1991,..
14/05/1991,..
15/05/1991,..
16/05/1991,..
17/05/1991,..
20/05/1991,..
21/05/1991,..
22/05/1991,..
23/05/1991,5.0000
24/05/1991,4.5000
27/05/1991,5.0000
28/05/1991,5.0000
29/05/1991,5.0000
30/05/1991,5.0000
31/05/1991,5.0000
03/06/1991,5.0000
04/06/1991,5.0000
05/06/1991,5.0000
06/06/1991,..
07/06/1991,5.0000
10/06/1991,5.0000
11/06/1991,5.0000
12/06/1991,..
13/06/1991,5.0000
14/06/1991,5.0000
17/06/1991,5.0000
18/06/1991,5.0000
19/06/1991,5.0000
20/06/1991,5.0000
21/06/1991,5.0000
24/06/1991,..
25/06/1991,..
26/06/1991,17.1250
27/06/1991,6.9020
28/06/1991,5.3860
01/07/1991,23.8010
02/07/1991,33.9375
03/07/1991,42.1250
04/07/1991,40.0000
05/07/1991,18.9375
08/07/1991,..
09/07/1991,..
10/07/1991,..
11/07/1991,..
12/07/1991,..
15/07/1991,13.0000
16/07/1991,13.0000
17/07/1991,13.0000
18/07/1991,13.0000
19/07/1991,4.5000
22/07/1991,..
23/07/1991,13.2500
24/07/1991,13.2500
25/07/1991,13.2500
26/07/1991,4.5000
29/07/1991,13.5000
30/07/1991,13.5000
31/07/1991,13.5000
01/08/1991,13.5000
02/08/1991,4.5000
05/08/1991,13.5000
06/08/1991,13.5000
07/08/1991,13.5000
08/08/1991,13.5000
09/08/1991,5.0000
12/08/1991,18.5000
13/08/1991,18.5000
14/08/1991,18.5000
15/08/1991,18.5000
16/08/1991,16.5000
19/08/1991,16.5000
20/08/1991,16.5000
21/08/1991,16.5000
22/08/1991,16.5000
23/08/1991,16.5000
26/08/1991,16.5000
27/08/1991,16.5000
28/08/1991,16.5000
29/08/1991,16.5000
30/08/1991,16.5000
02/09/1991,16.5000
03/09/1991,16.5000
04/09/1991,16.5000
05/09/1991,16.5000
06/09/1991,16.5000
09/09/1991,16.5000
10/09/1991,16.5000
11/09/1991,16.5000
12/09/1991,16.5000
13/09/1991,16.5000
16/09/1991,16.5000
17/09/1991,16.5000
18/09/1991,16.5000
19/09/1991,16.5000
20/09/1991,5.5000
23/09/1991,16.5000
24/09/1991,16.5000
25/09/1991,16.5000
26/09/1991,16.5000
27/09/1991,6.5000
30/09/1991,16.5000
01/10/1991,16.5000
02/10/1991,16.5000
03/10/1991,16.5000
04/10/1991,6.5000
07/10/1991,16.5000
08/10/1991,16.5000
09/10/1991,16.5000
10/10/1991,16.5000
11/10/1991,5.5000
14/10/1991,16.5000
15/10/1991,16.5000
16/10/1991,16.5000
17/10/1991,16.5000
18/10/1991,5.5000
21/10/1991,16.5000
22/10/1991,16.5000
23/10/1991,16.5000
24/10/1991,16.5000
25/10/1991,6.8750
28/10/1991,16.5000
29/10/1991,16.5000
30/10/1991,16.5000
31/10/1991,5.0000
01/11/1991,..
04/11/1991,16.5000
05/11/1991,16.5000
06/11/1991,16.5000
07/11/1991,16.5000
08/11/1991,5.0000
11/11/1991,..
12/11/1991,14.0000
13/11/1991,14.0000
14/11/1991,14.0000
15/11/1991,4.6250
18/11/1991,13.5000
19/11/1991,13.5000
20/11/1991,13.5000
21/11/1991,13.5000
22/11/1991,..
25/11/1991,5.0000
26/11/1991,5.0000
27/11/1991,5.0000
28/11/1991,5.0000
29/11/1991,4.5000
02/12/1991,5.0000
03/12/1991,5.0000
04/12/1991,5.0000
05/12/1991,5.0000
06/12/1991,4.5000
09/12/1991,5.0000
10/12/1991,..
11/12/1991,..
12/12/1991,..
13/12/1991,..
16/12/1991,..
17/12/1991,..
18/12/1991,..
19/12/1991,..
20/12/1991,..
23/12/1991,..
24/12/1991,7.0000
25/12/1991,..
26/12/1991,7.0000
27/12/1991,6.0000
30/12/1991,..
31/12/1991,..
01/01/1992,..
02/01/1992,8.0000
03/01/1992,7.0000
06/01/1992,15.0000
07/01/1992,15.0000
08/01/1992,15.0000
09/01/1992,..
10/01/1992,4.5000
13/01/1992,..
14/01/1992,..
15/01/1992,..
16/01/1992,..
17/01/1992,..
20/01/1992,..
21/01/1992,..
22/01/1992,..
23/01/1992,..
24/01/1992,..
27/01/1992,..
28/01/1992,..
29/01/1992,..
30/01/1992,..
31/01/1992,4.5000
03/02/1992,..
04/02/1992,..
05/02/1992,..
06/02/1992,..
07/02/1992,..
10/02/1992,..
11/02/1992,..
12/02/1992,..
13/02/1992,..
14/02/1992,..
17/02/1992,..
18/02/1992,..
19/02/1992,..
20/02/1992,..
21/02/1992,..
24/02/1992,..
25/02/1992,..
26/02/1992,..
27/02/1992,..
28/02/1992,..
02/03/1992,..
03/03/1992,..
04/03/1992,..
05/03/1992,..
06/03/1992,..
09/03/1992,..
10/03/1992,..
11/03/1992,..
12/03/1992,..
13/03/1992,..
16/03/1992,..
17/03/1992,..
18/03/1992,..
19/03/1992,..
20/03/1992,..
23/03/1992,..
24/03/1992,..
25/03/1992,..
26/03/1992,..
27/03/1992,5.0000
30/03/1992,..
31/03/1992,..
01/04/1992,..
02/04/1992,..
03/04/1992,5.0000
06/04/1992,12.0000
07/04/1992,12.0000
08/04/1992,..
09/04/1992,..
10/04/1992,..
13/04/1992,..
14/04/1992,..
15/04/1992,..
16/04/1992,..
17/04/1992,..
20/04/1992,..
21/04/1992,4.2500
22/04/1992,4.2500
23/04/1992,4.2500
24/04/1992,4.2500
27/04/1992,6.0000
28/04/1992,6.0000
29/04/1992,6.0000
30/04/1992,6.0000
01/05/1992,..
04/05/1992,6.0000
05/05/1992,6.0000
06/05/1992,6.0000
07/05/1992,6.0000
08/05/1992,20.0000
11/05/1992,..
12/05/1992,..
13/05/1992,..
14/05/1992,..
15/05/1992,4.1250
18/05/1992,..
19/05/1992,..
20/05/1992,..
21/05/1992,..
22/05/1992,..
25/05/1992,5.0000
26/05/1992,7.0000
27/05/1992,7.0000
28/05/1992,7.0000
29/05/1992,7.0000
01/06/1992,7.0000
02/06/1992,7.0000
03/06/1992,7.0000
04/06/1992,7.0000
05/06/1992,7.0000
08/06/1992,10.0000
09/06/1992,10.0000
10/06/1992,10.0000
11/06/1992,10.0000
12/06/1992,..
15/06/1992,10.0000
16/06/1992,10.0000
17/06/1992,10.0000
18/06/1992,10.0000
19/06/1992,10.0000
22/06/1992,10.0000
23/06/1992,10.0000
24/06/1992,10.0000
25/06/1992,10.0000
26/06/1992,10.0000
29/06/1992,10.0000
30/06/1992,..
01/07/1992,15.0000
02/07/1992,15.0000
03/07/1992,16.5000
06/07/1992,16.5000
07/07/1992,..
08/07/1992,16.5000
09/07/1992,14.5000
10/07/1992,14.5000
13/07/1992,10.0000
14/07/1992,10.0000
15/07/1992,10.0000
16/07/1992,10.0000
17/07/1992,10.0000
20/07/1992,10.0000
21/07/1992,10.0000
22/07/1992,10.0000
23/07/1992,10.0000
24/07/1992,10.0000
27/07/1992,10.0000
28/07/1992,14.0000
29/07/1992,14.0000
30/07/1992,14.0000
31/07/1992,14.0000
03/08/1992,14.0000
04/08/1992,14.0000
05/08/1992,14.0000
06/08/1992,14.0000
07/08/1992,..
10/08/1992,14.0000
11/08/1992,14.0000
12/08/1992,14.0000
13/08/1992,14.0000
14/08/1992,14.0000
17/08/1992,14.0000
18/08/1992,14.0000
19/08/1992,14.0000
20/08/1992,14.0000
21/08/1992,14.0000
24/08/1992,14.0000
25/08/1992,14.0000
26/08/1992,15.5000
27/08/1992,15.5000
28/08/1992,15.5000
31/08/1992,15.5000
01/09/1992,15.5000
02/09/1992,15.5000
03/09/1992,15.2500
04/09/1992,15.2500
07/09/1992,15.0000
08/09/1992,15.0000
09/09/1992,15.0000
10/09/1992,14.7500
11/09/1992,14.7500
14/09/1992,14.7500
15/09/1992,14.7500
16/09/1992,14.7500
17/09/1992,14.5000
18/09/1992,14.5000
21/09/1992,14.5000
22/09/1992,14.5000
23/09/1992,14.5000
24/09/1992,14.2500
25/09/1992,14.2500
28/09/1992,14.2500
29/09/1992,14.2500
30/09/1992,14.2500
01/10/1992,14.2500
02/10/1992,14.2500
05/10/1992,14.2500
06/10/1992,14.2500
07/10/1992,14.2500
08/10/1992,14.2500
09/10/1992,14.0000
12/10/1992,14.0000
13/10/1992,14.0000
14/10/1992,14.0000
15/10/1992,14.0000
16/10/1992,13.5000
19/10/1992,13.5000
20/10/1992,13.5000
21/10/1992,13.5000
22/10/1992,13.5000
23/10/1992,13.5000
26/10/1992,..
27/10/1992,13.5000
28/10/1992,13.5000
29/10/1992,13.5000
30/10/1992,13.5000
02/11/1992,..
03/11/1992,13.5000
04/11/1992,13.5000
05/11/1992,13.5000
06/11/1992,13.5000
09/11/1992,13.5000
10/11/1992,13.5000
11/11/1992,13.5000
12/11/1992,13.0000
13/11/1992,13.0000
16/11/1992,13.0000
17/11/1992,13.0000
18/11/1992,13.0000
19/11/1992,13.0000
20/11/1992,13.0000
23/11/1992,13.0000
24/11/1992,13.0000
25/11/1992,13.0000
26/11/1992,13.0000
27/11/1992,13.0000
30/11/1992,..
01/12/1992,12.8125
02/12/1992,12.8125
03/12/1992,12.8125
04/12/1992,..
07/12/1992,12.8125
08/12/1992,12.8125
09/12/1992,12.8125
10/12/1992,12.8125
11/12/1992,12.8125
14/12/1992,12.8125
15/12/1992,12.8125
16/12/1992,12.8125
17/12/1992,12.8125
18/12/1992,12.8125
21/12/1992,13.0625
22/12/1992,13.0625
23/12/1992,13.0625
24/12/1992,13.0625
25/12/1992,..
28/12/1992,13.0625
29/12/1992,12.8125
30/12/1992,..
31/12/1992,..
01/01/1993,..
04/01/1993,12.8125
05/01/1993,12.8125
06/01/1993,12.8125
07/01/1993,12.8125
08/01/1993,12.5625
11/01/1993,12.5625
12/01/1993,12.5625
13/01/1993,12.5625
14/01/1993,12.5625
15/01/1993,12.0000
18/01/1993,12.0000
19/01/1993,12.0000
20/01/1993,12.0000
21/01/1993,12.0000
22/01/1993,12.0000
25/01/1993,12.0000
26/01/1993,12.0000
27/01/1993,12.0000
28/01/1993,12.0000
29/01/1993,12.0000
01/02/1993,12.0000
02/02/1993,12.0000
03/02/1993,12.0000
04/02/1993,12.0000
05/02/1993,11.7500
08/02/1993,11.7500
09/02/1993,11.7500
10/02/1993,11.7500
11/02/1993,11.7500
12/02/1993,11.5000
15/02/1993,11.5000
16/02/1993,11.5000
17/02/1993,11.5000
18/02/1993,11.5000
19/02/1993,11.5000
22/02/1993,11.5000
23/02/1993,11.5000
24/02/1993,11.5000
25/02/1993,..
26/02/1993,11.5000
01/03/1993,11.5000
02/03/1993,11.5000
03/03/1993,11.5000
04/03/1993,11.2500
05/03/1993,11.0000
08/03/1993,11.0000
09/03/1993,11.0000
10/03/1993,11.0000
11/03/1993,10.7500
12/03/1993,10.5625
15/03/1993,10.5625
16/03/1993,10.5625
17/03/1993,10.5625
18/03/1993,10.5625
19/03/1993,10.5625
22/03/1993,10.5625
23/03/1993,10.5625
24/03/1993,10.5625
25/03/1993,10.5625
26/03/1993,10.5625
29/03/1993,10.5625
30/03/1993,10.5625
31/03/1993,10.5625
01/04/1993,10.5625
02/04/1993,10.5625
05/04/1993,10.5625
06/04/1993,10.5625
07/04/1993,10.5625
08/04/1993,..
09/04/1993,..
12/04/1993,10.2500
13/04/1993,10.2500
14/04/1993,10.2500
15/04/1993,10.2500
16/04/1993,9.0000
19/04/1993,9.0000
20/04/1993,9.0000
21/04/1993,9.0000
22/04/1993,9.0000
23/04/1993,9.0000
26/04/1993,9.0000
27/04/1993,9.0000
28/04/1993,9.0000
29/04/1993,9.2500
30/04/1993,9.5000
03/05/1993,10.0000
04/05/1993,10.0000
05/05/1993,10.0000
06/05/1993,10.0000
07/05/1993,10.0000
10/05/1993,10.0000
11/05/1993,10.0000
12/05/1993,10.0000
13/05/1993,10.0000
14/05/1993,9.7500
17/05/1993,9.7500
18/05/1993,9.7500
19/05/1993,9.7500
20/05/1993,9.7500
21/05/1993,9.7500
24/05/1993,9.7500
25/05/1993,9.7500
26/05/1993,9.7500
27/05/1993,9.7500
28/05/1993,9.7500
31/05/1993,9.7500
01/06/1993,9.7500
02/06/1993,9.7500
03/06/1993,9.7500
04/06/1993,9.5800
07/06/1993,9.6250
08/06/1993,9.6250
09/06/1993,9.6250
10/06/1993,9.6250
11/06/1993,9.3750
14/06/1993,9.3750
15/06/1993,9.3750
16/06/1993,9.3750
17/06/1993,9.3750
18/06/1993,9.2500
21/06/1993,9.2500
22/06/1993,9.2500
23/06/1993,9.2500
24/06/1993,9.2500
25/06/1993,9.1250
28/06/1993,9.1250
29/06/1993,9.1250
30/06/1993,9.1250
01/07/1993,9.1250
02/07/1993,9.1250
05/07/1993,9.1250
06/07/1993,9.1250
07/07/1993,9.1250
08/07/1993,9.1250
09/07/1993,9.2500
12/07/1993,9.2500
13/07/1993,9.2500
14/07/1993,9.2500
15/07/1993,9.2500
16/07/1993,9.2500
19/07/1993,9.2500
20/07/1993,9.2500
21/07/1993,12.0000
22/07/1993,12.0000
23/07/1993,12.0000
26/07/1993,12.0000
27/07/1993,12.0000
28/07/1993,14.0000
29/07/1993,14.0000
30/07/1993,13.0000
02/08/1993,13.0000
03/08/1993,12.0000
04/08/1993,11.0000
05/08/1993,11.0000
06/08/1993,11.0000
09/08/1993,11.0000
10/08/1993,11.0000
11/08/1993,11.0000
12/08/1993,11.0000
13/08/1993,11.0000
16/08/1993,11.0000
17/08/1993,11.0000
18/08/1993,11.0000
19/08/1993,11.0000
20/08/1993,11.0000
23/08/1993,11.0000
24/08/1993,11.0000
25/08/1993,11.0000
26/08/1993,11.0000
27/08/1993,11.0000
30/08/1993,11.0000
31/08/1993,11.0000
01/09/1993,11.0000
02/09/1993,11.0000
03/09/1993,11.0000
06/09/1993,11.0000
07/09/1993,11.0000
08/09/1993,11.0000
09/09/1993,11.0000
10/09/1993,10.9375
13/09/1993,10.9375
14/09/1993,10.9375
15/09/1993,10.9375
16/09/1993,10.9375
17/09/1993,10.9375
20/09/1993,10.9375
21/09/1993,10.9375
22/09/1993,10.9375
23/09/1993,10.9375
24/09/1993,10.9375
27/09/1993,10.9375
28/09/1993,10.9375
29/09/1993,10.9375
30/09/1993,10.9375
01/10/1993,11.1875
04/10/1993,11.1875
05/10/1993,11.6875
06/10/1993,..
07/10/1993,11.6875
08/10/1993,12.2500
11/10/1993,12.2500
12/10/1993,12.2500
13/10/1993,12.2500
14/10/1993,12.2500
15/10/1993,12.2500
18/10/1993,12.2500
19/10/1993,12.2500
20/10/1993,12.2500
21/10/1993,12.2500
22/10/1993,12.2500
25/10/1993,12.2500
26/10/1993,12.5000
27/10/1993,12.5000
28/10/1993,12.5000
29/10/1993,12.5000
01/11/1993,..
02/11/1993,..
03/11/1993,12.5000
04/11/1993,12.5000
05/11/1993,12.5000
08/11/1993,12.5000
09/11/1993,12.5000
10/11/1993,12.5000
11/11/1993,12.0000
12/11/1993,12.0000
15/11/1993,13.0000
16/11/1993,13.5000
17/11/1993,13.5000
18/11/1993,13.5000
19/11/1993,13.5000
22/11/1993,13.5000
23/11/1993,13.5000
24/11/1993,13.5000
25/11/1993,13.5000
26/11/1993,13.0000
29/11/1993,13.0000
30/11/1993,..
01/12/1993,12.5000
02/12/1993,12.5000
03/12/1993,12.5000
06/12/1993,..
07/12/1993,12.5000
08/12/1993,12.5000
09/12/1993,12.5000
10/12/1993,12.5000
13/12/1993,12.5000
14/12/1993,12.5000
15/12/1993,12.5000
16/12/1993,12.5000
17/12/1993,12.5000
20/12/1993,12.5000
21/12/1993,12.5000
22/12/1993,12.5000
23/12/1993,12.5000
24/12/1993,12.5000
27/12/1993,12.5000
28/12/1993,12.5000
29/12/1993,12.5000
30/12/1993,..
31/12/1993,..
03/01/1994,12.5000
04/01/1994,12.5000
05/01/1994,12.5000
06/01/1994,12.5000
07/01/1994,12.5000
10/01/1994,12.0000
11/01/1994,12.0000
12/01/1994,12.0000
13/01/1994,12.0000
14/01/1994,12.0000
17/01/1994,12.0000
18/01/1994,12.0000
19/01/1994,12.0000
20/01/1994,12.0000
21/01/1994,12.0000
24/01/1994,12.0000
25/01/1994,12.0000
26/01/1994,12.0000
27/01/1994,12.0000
28/01/1994,12.0000
31/01/1994,12.0000
01/02/1994,12.0000
02/02/1994,12.0000
03/02/1994,12.0000
04/02/1994,12.0000
07/02/1994,12.0000
08/02/1994,12.0000
09/02/1994,12.0000
10/02/1994,12.0000
11/02/1994,12.0000
14/02/1994,12.5000
15/02/1994,12.5000
16/02/1994,12.5000
17/02/1994,12.5000
18/02/1994,12.5000
21/02/1994,12.5000
22/02/1994,12.5000
23/02/1994,12.5000
24/02/1994,12.5000
25/02/1994,..
28/02/1994,12.5000
01/03/1994,12.5000
02/03/1994,12.5000
03/03/1994,12.5000
04/03/1994,12.5000
07/03/1994,12.5000
08/03/1994,12.5000
09/03/1994,12.5000
10/03/1994,12.5000
11/03/1994,12.5000
14/03/1994,12.5000
15/03/1994,12.5000
16/03/1994,12.5000
17/03/1994,12.5000
18/03/1994,12.5000
21/03/1994,12.5000
22/03/1994,12.5000
23/03/1994,12.5000
24/03/1994,12.5000
25/03/1994,12.5000
28/03/1994,12.5000
29/03/1994,12.5000
30/03/1994,12.5000
31/03/1994,..
01/04/1994,..
04/04/1994,12.5000
05/04/1994,12.5000
06/04/1994,12.5000
07/04/1994,12.5000
08/04/1994,12.5000
11/04/1994,12.5000
12/04/1994,12.5000
13/04/1994,12.2500
14/04/1994,12.2500
15/04/1994,12.2500
18/04/1994,12.2500
19/04/1994,12.2500
20/04/1994,12.2500
21/04/1994,12.2500
22/04/1994,12.0000
25/04/1994,12.0000
26/04/1994,12.0000
27/04/1994,12.0000
28/04/1994,12.0000
29/04/1994,12.0000
02/05/1994,12.0000
03/05/1994,12.0000
04/05/1994,12.0000
05/05/1994,12.0000
06/05/1994,12.0000
09/05/1994,..
10/05/1994,12.0000
11/05/1994,12.0000
12/05/1994,12.0000
13/05/1994,12.0000
16/05/1994,12.0000
17/05/1994,12.0000
18/05/1994,12.0000
19/05/1994,12.0000
20/05/1994,12.0000
23/05/1994,12.0000
24/05/1994,12.0000
25/05/1994,12.0000
26/05/1994,12.0000
27/05/1994,12.0000
30/05/1994,11.5000
31/05/1994,11.5000
01/06/1994,11.5000
02/06/1994,11.5000
03/06/1994,11.5000
06/06/1994,11.5000
07/06/1994,11.5000
08/06/1994,11.5000
09/06/1994,11.5000
10/06/1994,11.5000
13/06/1994,11.5000
14/06/1994,11.5000
15/06/1994,11.5000
16/06/1994,11.5000
17/06/1994,11.5000
20/06/1994,11.5000
21/06/1994,11.5000
22/06/1994,11.2500
23/06/1994,11.2500
24/06/1994,11.2500
27/06/1994,11.0000
28/06/1994,11.0000
29/06/1994,11.0000
30/06/1994,11.0000
01/07/1994,11.0000
04/07/1994,11.0000
05/07/1994,11.0000
06/07/1994,11.0000
07/07/1994,11.0000
08/07/1994,11.0000
11/07/1994,11.0000
12/07/1994,11.0000
13/07/1994,11.0000
14/07/1994,11.0000
15/07/1994,11.0000
18/07/1994,11.0000
19/07/1994,11.0000
20/07/1994,11.0000
21/07/1994,11.0000
22/07/1994,11.0000
25/07/1994,11.0000
26/07/1994,11.0000
27/07/1994,11.0000
28/07/1994,11.0000
29/07/1994,11.0000
01/08/1994,11.0000
02/08/1994,11.0000
03/08/1994,11.0000
04/08/1994,11.0000
05/08/1994,11.0000
08/08/1994,11.0000
09/08/1994,10.7500
10/08/1994,10.7500
11/08/1994,10.5000
12/08/1994,10.2500
15/08/1994,10.2500
16/08/1994,10.2500
17/08/1994,10.2500
18/08/1994,9.5000
19/08/1994,9.2500
22/08/1994,9.2500
23/08/1994,9.2500
24/08/1994,9.2500
25/08/1994,9.2500
26/08/1994,9.2000
29/08/1994,9.2000
30/08/1994,9.2000
31/08/1994,9.2000
01/09/1994,9.0000
02/09/1994,8.8750
05/09/1994,8.8750
06/09/1994,8.8750
07/09/1994,8.8750
08/09/1994,8.8750
09/09/1994,8.8750
12/09/1994,8.8750
13/09/1994,8.8750
14/09/1994,8.8750
15/09/1994,8.8750
16/09/1994,8.5000
19/09/1994,8.5000
20/09/1994,8.5000
21/09/1994,8.5000
22/09/1994,8.5000
23/09/1994,8.0000
26/09/1994,8.0000
27/09/1994,8.0000
28/09/1994,8.0000
29/09/1994,8.0000
30/09/1994,8.0000
03/10/1994,8.0000
04/10/1994,8.0000
05/10/1994,8.0000
06/10/1994,8.0000
07/10/1994,8.0000
10/10/1994,8.0000
11/10/1994,8.0000
12/10/1994,8.0000
13/10/1994,8.0000
14/10/1994,8.0000
17/10/1994,8.0000
18/10/1994,8.0000
19/10/1994,8.0000
20/10/1994,8.0000
21/10/1994,8.0000
24/10/1994,8.5000
25/10/1994,8.5000
26/10/1994,8.5000
27/10/1994,8.5000
28/10/1994,8.5000
31/10/1994,..
01/11/1994,..
02/11/1994,8.5000
03/11/1994,8.5000
04/11/1994,8.5000
07/11/1994,8.5000
08/11/1994,8.5000
09/11/1994,8.5000
10/11/1994,8.5000
11/11/1994,8.5000
14/11/1994,8.5000
15/11/1994,8.5000
16/11/1994,8.5000
17/11/1994,8.5000
18/11/1994,8.5000
21/11/1994,8.5000
22/11/1994,8.5000
23/11/1994,8.5000
24/11/1994,8.5000
25/11/1994,8.5000
28/11/1994,8.5000
29/11/1994,8.5000
30/11/1994,..
01/12/1994,8.5000
02/12/1994,8.5000
05/12/1994,8.5000
06/12/1994,8.5000
07/12/1994,8.5000
08/12/1994,8.5000
09/12/1994,8.5000
12/12/1994,8.5000
13/12/1994,8.5000
14/12/1994,8.5000
15/12/1994,8.5000
16/12/1994,8.5000
19/12/1994,8.5000
20/12/1994,8.5000
21/12/1994,8.5000
22/12/1994,8.5000
23/12/1994,8.5000
26/12/1994,8.5000
27/12/1994,8.5000
28/12/1994,8.5000
29/12/1994,8.5000
30/12/1994,..
02/01/1995,8.5000
03/01/1995,8.5000
04/01/1995,8.5000
05/01/1995,8.5000
06/01/1995,8.0000
09/01/1995,8.0000
10/01/1995,8.0000
11/01/1995,8.0000
12/01/1995,..
13/01/1995,9.0000
16/01/1995,9.0000
17/01/1995,9.0000
18/01/1995,9.0000
19/01/1995,9.0000
20/01/1995,9.0000
23/01/1995,9.0000
24/01/1995,9.0000
25/01/1995,9.0000
26/01/1995,9.0000
27/01/1995,9.0000
30/01/1995,9.0000
31/01/1995,9.0000
01/02/1995,9.0000
02/02/1995,9.0000
03/02/1995,9.0000
06/02/1995,9.0000
07/02/1995,9.0000
08/02/1995,9.0000
09/02/1995,9.0000
10/02/1995,9.0000
13/02/1995,9.0000
14/02/1995,9.7500
15/02/1995,9.7500
16/02/1995,9.7500
17/02/1995,10.5000
20/02/1995,10.5000
21/02/1995,13.0000
22/02/1995,15.0000
23/02/1995,15.0000
24/02/1995,25.0000
27/02/1995,25.0000
28/02/1995,25.0000
01/03/1995,25.0000
02/03/1995,30.0000
03/03/1995,30.0000
06/03/1995,22.0000
07/03/1995,22.0000
08/03/1995,22.0000
09/03/1995,22.0000
10/03/1995,22.0000
13/03/1995,22.0000
14/03/1995,22.0000
15/03/1995,20.0000
16/03/1995,18.0000
17/03/1995,15.0000
20/03/1995,15.0000
21/03/1995,13.0000
22/03/1995,13.0000
23/03/1995,13.0000
24/03/1995,13.0000
27/03/1995,13.0000
28/03/1995,12.0000
29/03/1995,12.0000
30/03/1995,12.0000
31/03/1995,12.0000
03/04/1995,12.0000
04/04/1995,12.0000
05/04/1995,12.0000
06/04/1995,12.0000
07/04/1995,12.0000
10/04/1995,12.0000
11/04/1995,12.0000
12/04/1995,12.0000
13/04/1995,..
14/04/1995,..
17/04/1995,12.0000
18/04/1995,12.0000
19/04/1995,12.0000
20/04/1995,12.0000
21/04/1995,12.0000
24/04/1995,12.0000
25/04/1995,12.0000
26/04/1995,11.0000
27/04/1995,11.0000
28/04/1995,11.0000
01/05/1995,..
02/05/1995,11.0000
03/05/1995,11.0000
04/05/1995,11.0000
05/05/1995,11.0000
08/05/1995,..
09/05/1995,10.5000
10/05/1995,10.5000
11/05/1995,10.5000
12/05/1995,10.7500
15/05/1995,10.7500
16/05/1995,10.0000
17/05/1995,10.0000
18/05/1995,10.0000
19/05/1995,9.7500
22/05/1995,9.7500
23/05/1995,9.7500
24/05/1995,9.7500
25/05/1995,9.7500
26/05/1995,9.5000
29/05/1995,9.5000
30/05/1995,9.5000
31/05/1995,9.5000
01/06/1995,9.5000
02/06/1995,9.5000
05/06/1995,9.5000
06/06/1995,9.5000
07/06/1995,9.5000
08/06/1995,9.5000
09/06/1995,9.5000
12/06/1995,..
13/06/1995,9.5000
14/06/1995,9.5000
15/06/1995,9.5000
16/06/1995,9.5000
19/06/1995,9.5000
20/06/1995,9.5000
21/06/1995,9.5000
22/06/1995,9.5000
23/06/1995,9.0000
26/06/1995,9.0000
27/06/1995,9.0000
28/06/1995,9.0000
29/06/1995,9.0000
30/06/1995,8.7500
03/07/1995,8.7500
04/07/1995,8.7500
05/07/1995,8.7500
06/07/1995,8.7500
07/07/1995,8.2500
10/07/1995,8.2500
11/07/1995,8.2500
12/07/1995,8.2500
13/07/1995,8.0000
14/07/1995,8.0000
17/07/1995,7.5000
18/07/1995,7.5000
19/07/1995,7.5000
20/07/1995,7.5000
21/07/1995,7.2500
24/07/1995,7.2500
25/07/1995,7.2500
26/07/1995,7.2500
27/07/1995,7.2500
28/07/1995,7.2500
31/07/1995,7.2500
01/08/1995,7.2500
02/08/1995,7.2500
03/08/1995,7.2500
04/08/1995,7.2500
07/08/1995,7.2500
08/08/1995,7.2500
09/08/1995,7.2500
10/08/1995,7.2500
11/08/1995,7.2500
14/08/1995,7.2500
15/08/1995,7.2500
16/08/1995,7.2500
17/08/1995,7.2500
18/08/1995,7.2500
21/08/1995,7.2500
22/08/1995,7.2500
23/08/1995,7.2500
24/08/1995,7.2500
25/08/1995,7.5000
28/08/1995,7.5000
29/08/1995,7.5000
30/08/1995,..
31/08/1995,7.5000
01/09/1995,8.0000
04/09/1995,8.0000
05/09/1995,8.2500
06/09/1995,8.2500
07/09/1995,8.2500
08/09/1995,8.2500
11/09/1995,8.2500
12/09/1995,8.2500
13/09/1995,8.2500
14/09/1995,8.2500
15/09/1995,8.2500
18/09/1995,8.2500
19/09/1995,8.2500
20/09/1995,8.2500
21/09/1995,8.2500
22/09/1995,8.2500
25/09/1995,8.2500
26/09/1995,8.2500
27/09/1995,8.2500
28/09/1995,8.2500
29/09/1995,8.5000
02/10/1995,8.5000
03/10/1995,8.5000
04/10/1995,8.5000
05/10/1995,8.5000
06/10/1995,8.7500
09/10/1995,8.7500
10/10/1995,8.7500
11/10/1995,8.7500
12/10/1995,8.7500
13/10/1995,8.7500
16/10/1995,8.7500
17/10/1995,8.7500
18/10/1995,8.7500
19/10/1995,8.7500
20/10/1995,8.8750
23/10/1995,8.8750
24/10/1995,8.8750
25/10/1995,8.8750
26/10/1995,8.8750
27/10/1995,9.1250
30/10/1995,9.1250
31/10/1995,9.1250
01/11/1995,..
02/11/1995,9.1250
03/11/1995,..
06/11/1995,10.1250
07/11/1995,10.1250
08/11/1995,10.1250
09/11/1995,10.6250
10/11/1995,10.6250
13/11/1995,10.6250
14/11/1995,10.6250
15/11/1995,10.6250
16/11/1995,12.6250
17/11/1995,12.6250
20/11/1995,13.1250
21/11/1995,13.6250
22/11/1995,13.6250
23/11/1995,13.6250
24/11/1995,13.6250
27/11/1995,14.0000
28/11/1995,14.0000
29/11/1995,14.0000
30/11/1995,..
01/12/1995,14.0000
04/12/1995,14.0000
05/12/1995,14.0000
06/12/1995,14.0000
07/12/1995,14.0000
08/12/1995,14.0000
11/12/1995,14.0000
12/12/1995,14.0000
13/12/1995,14.0000
14/12/1995,14.0000
15/12/1995,14.0000
18/12/1995,14.0000
19/12/1995,14.0000
20/12/1995,14.0000
21/12/1995,14.0000
22/12/1995,14.0000
25/12/1995,..
26/12/1995,14.0000
27/12/1995,14.0000
28/12/1995,14.0000
29/12/1995,14.0000
01/01/1996,..
02/01/1996,14.0000
03/01/1996,14.0000
04/01/1996,14.0000
05/01/1996,14.0000
08/01/1996,14.0000
09/01/1996,14.0000
10/01/1996,14.0000
11/01/1996,14.0000
12/01/1996,14.0000
15/01/1996,14.0000
16/01/1996,14.0000
17/01/1996,14.0000
18/01/1996,14.0000
19/01/1996,14.0000
22/01/1996,14.0000
23/01/1996,14.0000
24/01/1996,14.0000
25/01/1996,14.0000
26/01/1996,14.0000
29/01/1996,14.0000
30/01/1996,13.8750
31/01/1996,13.8750
01/02/1996,13.8750
02/02/1996,13.8750
05/02/1996,13.8750
06/02/1996,13.5000
07/02/1996,13.5000
08/02/1996,13.5000
09/02/1996,13.5000
12/02/1996,13.5000
13/02/1996,13.3750
14/02/1996,14.8750
15/02/1996,14.8750
16/02/1996,14.8750
19/02/1996,14.0000
20/02/1996,14.0000
21/02/1996,14.0000
22/02/1996,14.0000
23/02/1996,14.0000
26/02/1996,14.0000
27/02/1996,14.0000
28/02/1996,14.0000
29/02/1996,14.0000
01/03/1996,14.0000
04/03/1996,14.0000
05/03/1996,14.0000
06/03/1996,14.0000
07/03/1996,14.0000
08/03/1996,14.0000
11/03/1996,14.0000
12/03/1996,14.0000
13/03/1996,14.0000
14/03/1996,14.0000
15/03/1996,14.0000
18/03/1996,14.0000
19/03/1996,13.7500
20/03/1996,13.7500
21/03/1996,13.7500
22/03/1996,13.7500
25/03/1996,13.7500
26/03/1996,13.7500
27/03/1996,13.7500
28/03/1996,13.7500
29/03/1996,13.7500
01/04/1996,13.5000
02/04/1996,13.5000
03/04/1996,13.5000
04/04/1996,..
05/04/1996,..
08/04/1996,13.5000
09/04/1996,..
10/04/1996,13.2500
11/04/1996,13.2500
12/04/1996,13.2500
15/04/1996,13.0000
16/04/1996,13.0000
17/04/1996,13.0000
18/04/1996,13.0000
19/04/1996,13.0000
22/04/1996,13.0000
23/04/1996,13.0000
24/04/1996,13.0000
25/04/1996,13.0000
26/04/1996,13.0000
29/04/1996,13.0000
30/04/1996,12.6875
01/05/1996,..
02/05/1996,12.6875
03/05/1996,12.6875
06/05/1996,..
07/05/1996,12.5000
08/05/1996,12.5000
09/05/1996,12.5000
10/05/1996,12.5000
13/05/1996,12.5000
14/05/1996,12.2500
15/05/1996,12.2500
16/05/1996,12.2500
17/05/1996,12.2500
20/05/1996,12.0000
21/05/1996,12.0000
22/05/1996,12.0000
23/05/1996,12.0000
24/05/1996,12.0000
27/05/1996,12.0000
28/05/1996,12.0000
29/05/1996,12.0000
30/05/1996,12.0000
31/05/1996,12.0000
03/06/1996,12.0000
04/06/1996,12.0000
05/06/1996,12.0000
06/06/1996,12.0000
07/06/1996,12.0000
10/06/1996,12.0000
11/06/1996,12.0000
12/06/1996,..
13/06/1996,12.0000
14/06/1996,12.0000
17/06/1996,12.0000
18/06/1996,12.0000
19/06/1996,12.0000
20/06/1996,12.0000
21/06/1996,12.0000
24/06/1996,12.0000
25/06/1996,11.8750
26/06/1996,11.8750
27/06/1996,11.8750
28/06/1996,11.8750
01/07/1996,11.8750
02/07/1996,11.8750
03/07/1996,11.8750
04/07/1996,..
05/07/1996,11.8750
08/07/1996,11.7500
09/07/1996,11.7500
10/07/1996,11.7500
11/07/1996,11.7500
12/07/1996,11.7500
15/07/1996,11.7500
16/07/1996,11.7500
17/07/1996,11.7500
18/07/1996,11.7500
19/07/1996,11.5000
22/07/1996,11.3750
23/07/1996,11.3750
24/07/1996,11.3750
25/07/1996,11.3750
26/07/1996,11.2500
29/07/1996,11.0000
30/07/1996,11.0000
31/07/1996,11.0000
01/08/1996,11.0000
02/08/1996,11.0000
05/08/1996,11.0000
06/08/1996,11.0000
07/08/1996,11.0000
08/08/1996,11.0000
09/08/1996,11.0000
12/08/1996,10.7500
13/08/1996,10.7500
14/08/1996,10.7500
15/08/1996,10.7500
16/08/1996,10.7500
19/08/1996,10.7500
20/08/1996,10.5000
21/08/1996,10.5000
22/08/1996,10.5000
23/08/1996,10.5000
26/08/1996,10.5000
27/08/1996,10.5000
28/08/1996,10.5000
29/08/1996,10.5000
30/08/1996,10.2500
02/09/1996,11.5000
03/09/1996,12.5000
04/09/1996,12.5000
05/09/1996,12.5000
06/09/1996,11.0000
09/09/1996,11.0000
10/09/1996,11.0000
11/09/1996,11.0000
12/09/1996,11.0000
13/09/1996,11.0000
16/09/1996,11.0000
17/09/1996,11.0000
18/09/1996,11.0000
19/09/1996,11.0000
20/09/1996,11.0000
23/09/1996,11.0000
24/09/1996,11.0000
25/09/1996,11.0000
26/09/1996,11.0000
27/09/1996,11.0000
30/09/1996,11.0000
01/10/1996,11.0000
02/10/1996,11.0000
03/10/1996,11.0000
04/10/1996,11.0000
07/10/1996,11.0000
08/10/1996,11.0000
09/10/1996,11.0000
10/10/1996,11.0000
11/10/1996,11.0000
14/10/1996,11.0000
15/10/1996,11.0000
16/10/1996,11.0000
17/10/1996,11.0000
18/10/1996,11.0000
21/10/1996,11.0000
22/10/1996,11.0000
23/10/1996,11.0000
24/10/1996,11.0000
25/10/1996,11.0000
28/10/1996,11.0000
29/10/1996,11.0000
30/10/1996,11.0000
31/10/1996,11.0000
01/11/1996,..
04/11/1996,11.0000
05/11/1996,11.0000
06/11/1996,11.0000
07/11/1996,11.0000
08/11/1996,11.0000
11/11/1996,11.0000
12/11/1996,11.0000
13/11/1996,11.0000
14/11/1996,11.0000
15/11/1996,11.0000
18/11/1996,11.0000
19/11/1996,11.0000
20/11/1996,11.0000
21/11/1996,11.0000
22/11/1996,11.0000
25/11/1996,10.7500
26/11/1996,10.7500
27/11/1996,10.7500
28/11/1996,10.7500
29/11/1996,10.7500
02/12/1996,10.7500
03/12/1996,10.7500
04/12/1996,10.7500
05/12/1996,10.7500
06/12/1996,10.7500
09/12/1996,10.7500
10/12/1996,10.7500
11/12/1996,10.7500
12/12/1996,10.7500
13/12/1996,10.7500
16/12/1996,10.7500
17/12/1996,10.7500
18/12/1996,10.7500
19/12/1996,10.7500
20/12/1996,10.7500
23/12/1996,10.7500
24/12/1996,10.7500
25/12/1996,..
26/12/1996,10.7500
27/12/1996,10.7500
30/12/1996,..
31/12/1996,..
01/01/1997,..
02/01/1997,10.7500
03/01/1997,10.7500
06/01/1997,10.7500
07/01/1997,10.7500
08/01/1997,10.5000
09/01/1997,10.5000
10/01/1997,10.5000
13/01/1997,10.5000
14/01/1997,10.5000
15/01/1997,10.5000
16/01/1997,10.5000
17/01/1997,10.5000
20/01/1997,10.5000
21/01/1997,10.5000
22/01/1997,10.5000
23/01/1997,10.5000
24/01/1997,10.5000
27/01/1997,10.5000
28/01/1997,10.5000
29/01/1997,10.5000
30/01/1997,10.5000
31/01/1997,10.5000
03/02/1997,10.5000
04/02/1997,10.5000
05/02/1997,10.5000
06/02/1997,10.5000
07/02/1997,10.5000
10/02/1997,10.5000
11/02/1997,10.5000
12/02/1997,10.5000
13/02/1997,10.5000
14/02/1997,10.5000
17/02/1997,10.5000
18/02/1997,10.5000
19/02/1997,10.5000
20/02/1997,10.5000
21/02/1997,10.5000
24/02/1997,10.5000
25/02/1997,10.5000
26/02/1997,10.5000
27/02/1997,10.5000
28/02/1997,10.5000
03/03/1997,10.4375
04/03/1997,10.4375
05/03/1997,10.4375
06/03/1997,10.4375
07/03/1997,10.4375
10/03/1997,10.4375
11/03/1997,10.2500
12/03/1997,10.2500
13/03/1997,10.2500
14/03/1997,10.0000
17/03/1997,10.0000
18/03/1997,10.0000
19/03/1997,10.0000
20/03/1997,10.0000
21/03/1997,10.0000
24/03/1997,10.0000
25/03/1997,10.0000
26/03/1997,9.0000
27/03/1997,..
28/03/1997,..
31/03/1997,9.9000
01/04/1997,9.9000
02/04/1997,9.9000
03/04/1997,9.9000
04/04/1997,9.9000
07/04/1997,9.9000
08/04/1997,9.9000
09/04/1997,..
10/04/1997,10.0000
11/04/1997,10.0000
14/04/1997,10.0000
15/04/1997,10.0000
16/04/1997,10.0000
17/04/1997,10.0000
18/04/1997,10.0000
21/04/1997,10.0000
22/04/1997,10.0000
23/04/1997,10.0000
24/04/1997,10.0000
25/04/1997,10.2500
28/04/1997,10.2500
29/04/1997,10.2500
30/04/1997,10.2500
01/05/1997,..
02/05/1997,11.0000
05/05/1997,11.5000
06/05/1997,11.5000
07/05/1997,11.5000
08/05/1997,11.2500
09/05/1997,11.2500
12/05/1997,..
13/05/1997,11.2500
14/05/1997,11.2500
15/05/1997,12.0000
16/05/1997,13.0000
19/05/1997,20.0000
20/05/1997,20.0000
21/05/1997,20.0000
22/05/1997,18.0000
23/05/1997,18.0000
26/05/1997,..
27/05/1997,18.0000
28/05/1997,18.0000
29/05/1997,16.0000
30/05/1997,16.0000
02/06/1997,16.0000
03/06/1997,16.0000
04/06/1997,16.0000
05/06/1997,14.0000
06/06/1997,14.0000
09/06/1997,14.0000
10/06/1997,14.0000
11/06/1997,14.0000
12/06/1997,..
13/06/1997,13.0000
16/06/1997,13.0000
17/06/1997,13.0000
18/06/1997,13.0000
19/06/1997,12.7500
20/06/1997,15.0000
23/06/1997,15.0000
24/06/1997,15.0000
25/06/1997,15.0000
26/06/1997,15.0000
27/06/1997,15.0000
30/06/1997,15.0000
01/07/1997,15.0000
02/07/1997,15.0000
03/07/1997,24.0000
04/07/1997,24.0000
07/07/1997,24.0000
08/07/1997,30.0000
09/07/1997,30.0000
10/07/1997,32.0000
11/07/1997,32.0000
14/07/1997,32.0000
15/07/1997,32.0000
16/07/1997,32.0000
17/07/1997,28.0000
18/07/1997,25.0000
21/07/1997,25.0000
22/07/1997,25.0000
23/07/1997,25.0000
24/07/1997,25.0000
25/07/1997,25.0000
28/07/1997,25.0000
29/07/1997,25.0000
30/07/1997,25.0000
31/07/1997,20.0000
01/08/1997,20.0000
04/08/1997,20.0000
05/08/1997,20.0000
06/08/1997,20.0000
07/08/1997,18.0000
08/08/1997,18.0000
11/08/1997,18.0000
12/08/1997,18.0000
13/08/1997,18.0000
14/08/1997,14.0000
15/08/1997,14.0000
18/08/1997,14.0000
19/08/1997,..
20/08/1997,14.0000
21/08/1997,14.0000
22/08/1997,14.0000
25/08/1997,14.0000
26/08/1997,14.0000
27/08/1997,14.0000
28/08/1997,12.0000
29/08/1997,12.0000
01/09/1997,12.0000
02/09/1997,12.0000
03/09/1997,12.0000
04/09/1997,12.0000
05/09/1997,12.0000
08/09/1997,12.0000
09/09/1997,12.0000
10/09/1997,12.0000
11/09/1997,12.0000
12/09/1997,12.0000
15/09/1997,12.0000
16/09/1997,12.0000
17/09/1997,12.0000
18/09/1997,12.0000
19/09/1997,12.0000
22/09/1997,12.0000
23/09/1997,12.0000
24/09/1997,12.0000
25/09/1997,12.0000
26/09/1997,12.0000
29/09/1997,12.0000
30/09/1997,12.0000
01/10/1997,12.0000
02/10/1997,14.0000
03/10/1997,..
06/10/1997,..
07/10/1997,..
08/10/1997,..
09/10/1997,12.0000
10/10/1997,12.0000
13/10/1997,12.0000
14/10/1997,12.0000
15/10/1997,12.0000
16/10/1997,12.0000
17/10/1997,12.0000
20/10/1997,12.0000
21/10/1997,12.0000
22/10/1997,12.0000
23/10/1997,12.0000
24/10/1997,12.0000
27/10/1997,12.0000
28/10/1997,12.0000
29/10/1997,12.0000
30/10/1997,12.0000
31/10/1997,12.0000
03/11/1997,12.0000
04/11/1997,12.0000
05/11/1997,12.0000
06/11/1997,12.0000
07/11/1997,12.0000
10/11/1997,12.0000
11/11/1997,12.0000
12/11/1997,12.0000
13/11/1997,12.0000
14/11/1997,12.0000
17/11/1997,12.0000
18/11/1997,12.0000
19/11/1997,12.0000
20/11/1997,12.0000
21/11/1997,12.0000
24/11/1997,12.0000
25/11/1997,12.0000
26/11/1997,12.0000
27/11/1997,12.0000
28/11/1997,12.0000
01/12/1997,12.0000
02/12/1997,12.0000
03/12/1997,12.0000
04/12/1997,12.0000
05/12/1997,12.0000
08/12/1997,12.0000
09/12/1997,12.0000
10/12/1997,12.0000
11/12/1997,11.0000
12/12/1997,11.0000
15/12/1997,11.0000
16/12/1997,11.0000
17/12/1997,11.0000
18/12/1997,11.0000
19/12/1997,11.0000
22/12/1997,11.0000
23/12/1997,11.0000
24/12/1997,11.0000
25/12/1997,..
26/12/1997,..
29/12/1997,11.0000
30/12/1997,..
31/12/1997,..
01/01/1998,..
02/01/1998,11.0000
05/01/1998,11.0000
06/01/1998,11.0000
07/01/1998,12.0000
08/01/1998,12.0000
09/01/1998,12.0000
12/01/1998,12.0000
13/01/1998,12.0000
14/01/1998,12.0000
15/01/1998,12.0000
16/01/1998,12.0000
19/01/1998,12.0000
20/01/1998,12.0000
21/01/1998,12.0000
22/01/1998,12.0000
23/01/1998,12.0000
26/01/1998,14.0000
27/01/1998,14.0000
28/01/1998,14.0000
29/01/1998,14.0000
30/01/1998,14.0000
02/02/1998,14.0000
03/02/1998,13.7500
04/02/1998,13.7500
05/02/1998,13.7500
06/02/1998,13.7500
09/02/1998,13.7500
10/02/1998,12.7500
11/02/1998,12.7500
12/02/1998,12.7500
13/02/1998,12.7500
16/02/1998,12.7500
17/02/1998,13.0000
18/02/1998,13.0000
19/02/1998,13.0000
20/02/1998,13.0000
23/02/1998,13.0000
24/02/1998,13.0000
25/02/1998,13.0000
26/02/1998,13.0000
27/02/1998,13.0000
02/03/1998,13.0000
03/03/1998,13.0000
04/03/1998,13.0000
05/03/1998,13.0000
06/03/1998,13.0000
09/03/1998,13.0000
10/03/1998,13.0000
11/03/1998,13.0000
12/03/1998,13.0000
13/03/1998,13.0000
16/03/1998,13.0000
17/03/1998,13.0000
18/03/1998,13.0000
19/03/1998,13.0000
20/03/1998,13.0000
23/03/1998,13.0000
24/03/1998,13.0000
25/03/1998,13.0000
26/03/1998,13.0000
27/03/1998,13.0000
30/03/1998,13.0000
31/03/1998,13.0000
01/04/1998,13.0000
02/04/1998,13.0000
03/04/1998,13.0000
06/04/1998,13.0000
07/04/1998,13.0000
08/04/1998,13.0000
09/04/1998,..
10/04/1998,..
13/04/1998,13.0000
14/04/1998,13.0000
15/04/1998,13.0000
16/04/1998,13.0000
17/04/1998,13.0000
20/04/1998,13.0000
21/04/1998,13.0000
22/04/1998,13.0000
23/04/1998,13.0000
24/04/1998,13.0000
27/04/1998,13.0000
28/04/1998,13.0000
29/04/1998,13.0000
30/04/1998,13.5000
01/05/1998,..
04/05/1998,13.5000
05/05/1998,13.5000
06/05/1998,13.5000
07/05/1998,13.5000
08/05/1998,13.5000
11/05/1998,..
12/05/1998,13.5000
13/05/1998,13.5000
14/05/1998,13.5000
15/05/1998,13.5000
18/05/1998,13.5000
19/05/1998,13.2500
20/05/1998,13.2500
21/05/1998,13.2500
22/05/1998,13.2500
25/05/1998,13.2500
26/05/1998,13.1250
27/05/1998,13.1250
28/05/1998,13.1250
29/05/1998,13.1250
01/06/1998,13.1250
02/06/1998,13.1250
03/06/1998,13.1250
04/06/1998,13.1250
05/06/1998,13.1250
08/06/1998,13.1250
09/06/1998,13.1250
10/06/1998,13.1250
11/06/1998,13.1250
12/06/1998,..
15/06/1998,13.1250
16/06/1998,13.1250
17/06/1998,13.1250
18/06/1998,13.1250
19/06/1998,13.1250
22/06/1998,13.1250
23/06/1998,13.1250
24/06/1998,13.1250
25/06/1998,13.1250
26/06/1998,13.1250
29/06/1998,13.1250
30/06/1998,..
01/07/1998,13.1250
02/07/1998,13.1250
03/07/1998,13.1250
06/07/1998,13.1250
07/07/1998,13.1250
08/07/1998,13.1250
09/07/1998,13.1250
10/07/1998,13.1250
13/07/1998,13.1250
14/07/1998,13.1250
15/07/1998,13.1250
16/07/1998,13.1250
17/07/1998,13.1250
20/07/1998,13.1250
21/07/1998,13.0000
22/07/1998,13.0000
23/07/1998,13.0000
24/07/1998,13.0000
27/07/1998,13.0000
28/07/1998,13.0000
29/07/1998,13.0000
30/07/1998,13.0000
31/07/1998,13.0000
03/08/1998,13.0000
04/08/1998,13.0000
05/08/1998,13.0000
06/08/1998,13.0000
07/08/1998,13.0000
10/08/1998,13.0000
11/08/1998,15.0000
12/08/1998,18.0000
13/08/1998,18.0000
14/08/1998,18.0000
17/08/1998,18.0000
18/08/1998,18.0000
19/08/1998,18.0000
20/08/1998,18.0000
21/08/1998,18.0000
24/08/1998,16.0000
25/08/1998,16.0000
26/08/1998,16.0000
27/08/1998,16.0000
28/08/1998,16.0000
31/08/1998,16.0000
01/09/1998,16.0000
02/09/1998,16.0000
03/09/1998,16.0000
04/09/1998,16.0000
07/09/1998,16.0000
08/09/1998,16.0000
09/09/1998,16.0000
10/09/1998,16.0000
11/09/1998,16.0000
14/09/1998,16.0000
15/09/1998,16.0000
16/09/1998,16.0000
17/09/1998,16.0000
18/09/1998,16.0000
21/09/1998,16.0000
22/09/1998,16.0000
23/09/1998,16.0000
24/09/1998,16.0000
25/09/1998,16.0000
28/09/1998,16.0000
29/09/1998,16.0000
30/09/1998,16.0000
01/10/1998,16.0000
02/10/1998,16.0000
05/10/1998,14.0000
06/10/1998,14.0000
07/10/1998,14.0000
08/10/1998,14.0000
09/10/1998,14.0000
12/10/1998,14.0000
13/10/1998,14.0000
14/10/1998,14.0000
15/10/1998,14.0000
16/10/1998,14.0000
19/10/1998,14.0000
20/10/1998,13.7500
21/10/1998,13.7500
22/10/1998,..
23/10/1998,13.7500
26/10/1998,13.7500
27/10/1998,13.7500
28/10/1998,13.7500
29/10/1998,13.7500
30/10/1998,13.7500
02/11/1998,..
03/11/1998,13.7500
04/11/1998,13.7500
05/11/1998,13.7500
06/11/1998,13.7500
09/11/1998,13.7500
10/11/1998,13.7500
11/11/1998,13.7500
12/11/1998,13.7500
13/11/1998,13.7500
16/11/1998,13.7500
17/11/1998,13.7500
18/11/1998,13.7500
19/11/1998,13.7500
20/11/1998,13.7500
23/11/1998,13.7500
24/11/1998,13.5000
25/11/1998,13.5000
26/11/1998,13.5000
27/11/1998,13.5000
30/11/1998,..
01/12/1998,13.3750
02/12/1998,13.3750
03/12/1998,13.3750
04/12/1998,13.3750
07/12/1998,13.3750
08/12/1998,13.3750
09/12/1998,13.3750
10/12/1998,13.3750
11/12/1998,13.3750
14/12/1998,13.3750
15/12/1998,13.3750
16/12/1998,13.3750
17/12/1998,13.3750
18/12/1998,13.3750
21/12/1998,13.3750
22/12/1998,13.3750
23/12/1998,13.3750
24/12/1998,13.3750
25/12/1998,..
28/12/1998,13.3750
29/12/1998,13.3750
30/12/1998,..
31/12/1998,..
01/01/1999,..
04/01/1999,13.3750
05/01/1999,13.3750
06/01/1999,13.3750
07/01/1999,13.3750
08/01/1999,13.3750
11/01/1999,13.3750
12/01/1999,13.0000
13/01/1999,13.0000
14/01/1999,13.0000
15/01/1999,13.0000
18/01/1999,13.0000
19/01/1999,12.8750
20/01/1999,12.8750
21/01/1999,12.8750
22/01/1999,12.8750
25/01/1999,12.8750
26/01/1999,12.8750
27/01/1999,12.8750
28/01/1999,12.8750
29/01/1999,12.8750
01/02/1999,12.5000
02/02/1999,12.5000
03/02/1999,12.5000
04/02/1999,12.5000
05/02/1999,12.5000
08/02/1999,12.5000
09/02/1999,12.5000
10/02/1999,12.5000
11/02/1999,12.5000
12/02/1999,12.5000
15/02/1999,12.5000
16/02/1999,12.5000
17/02/1999,12.5000
18/02/1999,12.5000
19/02/1999,12.5000
22/02/1999,12.5000
23/02/1999,12.5000
24/02/1999,12.5000
25/02/1999,12.5000
26/02/1999,12.5000
01/03/1999,12.5000
02/03/1999,12.5000
03/03/1999,12.5000
04/03/1999,12.5000
05/03/1999,12.5000
08/03/1999,12.2500
09/03/1999,12.2500
10/03/1999,12.2500
11/03/1999,12.2500
12/03/1999,12.2500
15/03/1999,12.1250
16/03/1999,12.1250
17/03/1999,12.1250
18/03/1999,12.1250
19/03/1999,12.1250
22/03/1999,12.0000
23/03/1999,12.0000
24/03/1999,12.0000
25/03/1999,12.0000
26/03/1999,12.0000
29/03/1999,11.8750
30/03/1999,11.8750
31/03/1999,11.8750
01/04/1999,..
02/04/1999,..
05/04/1999,11.7500
06/04/1999,11.7500
07/04/1999,11.7500
08/04/1999,11.3750
09/04/1999,..
12/04/1999,11.3750
13/04/1999,11.3750
14/04/1999,11.3750
15/04/1999,11.3750
16/04/1999,11.3750
19/04/1999,10.8750
20/04/1999,10.8750
21/04/1999,10.8750
22/04/1999,10.8750
23/04/1999,10.8750
26/04/1999,10.3750
27/04/1999,10.3750
28/04/1999,10.3750
29/04/1999,10.3750
30/04/1999,10.3750
03/05/1999,10.2500
04/05/1999,10.2500
05/05/1999,10.2500
06/05/1999,10.2500
07/05/1999,10.2500
10/05/1999,10.1250
11/05/1999,10.1250
12/05/1999,10.1250
13/05/1999,10.1250
14/05/1999,10.1250
17/05/1999,10.0000
18/05/1999,10.0000
19/05/1999,10.0000
20/05/1999,10.0000
21/05/1999,10.0000
24/05/1999,9.8750
25/05/1999,9.8750
26/05/1999,9.8750
27/05/1999,9.8750
28/05/1999,9.8750
31/05/1999,9.8750
01/06/1999,9.8750
02/06/1999,9.8750
03/06/1999,9.8750
04/06/1999,9.8750
07/06/1999,9.6250
08/06/1999,9.6250
09/06/1999,9.6250
10/06/1999,9.6250
11/06/1999,9.6250
14/06/1999,9.5000
15/06/1999,9.5000
16/06/1999,9.5000
17/06/1999,9.5000
18/06/1999,9.5000
21/06/1999,9.2500
22/06/1999,9.2500
23/06/1999,9.2500
24/06/1999,9.2500
25/06/1999,9.2500
28/06/1999,9.1250
29/06/1999,9.1250
30/06/1999,9.1250
01/07/1999,9.1250
02/07/1999,9.1250
05/07/1999,9.0000
06/07/1999,9.0000
07/07/1999,9.0000
08/07/1999,9.0000
09/07/1999,9.0000
12/07/1999,9.0000
13/07/1999,9.0000
14/07/1999,9.0000
15/07/1999,9.0000
16/07/1999,9.0000
19/07/1999,9.0000
20/07/1999,9.0000
21/07/1999,9.0000
22/07/1999,9.0000
23/07/1999,9.0000
26/07/1999,9.0000
27/07/1999,9.0000
28/07/1999,9.0000
29/07/1999,9.0000
30/07/1999,9.0000
02/08/1999,9.0000
03/08/1999,..
04/08/1999,9.0000
05/08/1999,9.0000
06/08/1999,9.0000
09/08/1999,9.0000
10/08/1999,9.0000
11/08/1999,9.0000
12/08/1999,9.0000
13/08/1999,9.0000
16/08/1999,9.0000
17/08/1999,9.0000
18/08/1999,9.0000
19/08/1999,9.0000
20/08/1999,9.0000
23/08/1999,9.0000
24/08/1999,9.0000
25/08/1999,9.0000
26/08/1999,9.0000
27/08/1999,9.0000
30/08/1999,9.0000
31/08/1999,9.0000
01/09/1999,9.0000
02/09/1999,9.0000
03/09/1999,9.0000
06/09/1999,9.0000
07/09/1999,9.0000
08/09/1999,9.0000
09/09/1999,9.0000
10/09/1999,9.0000
13/09/1999,9.0000
14/09/1999,9.0000
15/09/1999,9.0000
16/09/1999,9.0000
17/09/1999,9.0000
20/09/1999,9.0000
21/09/1999,9.0000
22/09/1999,9.0000
23/09/1999,9.0000
24/09/1999,9.0000
27/09/1999,9.0000
28/09/1999,9.0000
29/09/1999,9.0000
30/09/1999,9.0000
01/10/1999,9.0000
04/10/1999,9.0000
05/10/1999,9.0000
06/10/1999,9.0000
07/10/1999,9.0000
08/10/1999,9.0000
11/10/1999,9.0000
12/10/1999,9.0000
13/10/1999,9.0000
14/10/1999,9.0000
15/10/1999,9.0000
18/10/1999,9.0000
19/10/1999,9.0000
20/10/1999,9.0000
21/10/1999,9.0000
22/10/1999,9.0000
25/10/1999,9.0000
26/10/1999,9.0000
27/10/1999,9.0000
28/10/1999,9.0000
29/10/1999,9.0000
01/11/1999,..
02/11/1999,..
03/11/1999,8.7500
04/11/1999,8.7500
05/11/1999,8.7500
08/11/1999,8.7500
09/11/1999,8.7500
10/11/1999,8.7500
11/11/1999,8.7500
12/11/1999,8.7500
15/11/1999,8.7500
16/11/1999,8.7500
17/11/1999,8.7500
18/11/1999,8.7500
19/11/1999,8.7500
22/11/1999,8.7500
23/11/1999,8.7500
24/11/1999,8.7500
25/11/1999,8.7500
26/11/1999,8.7500
29/11/1999,8.7500
30/11/1999,..
01/12/1999,8.7500
02/12/1999,8.7500
03/12/1999,8.7500
06/12/1999,8.7500
07/12/1999,8.7500
08/12/1999,8.7500
09/12/1999,8.7500
10/12/1999,8.7500
13/12/1999,8.7500
14/12/1999,8.7500
15/12/1999,8.7500
16/12/1999,8.7500
17/12/1999,8.7500
20/12/1999,8.7500
21/12/1999,8.7500
22/12/1999,8.7500
23/12/1999,8.7500
24/12/1999,8.7500
27/12/1999,8.7500
28/12/1999,8.7500
29/12/1999,8.7500
30/12/1999,..
31/12/1999,..
03/01/2000,8.7500
04/01/2000,8.7500
05/01/2000,8.7500
06/01/2000,8.7500
07/01/2000,8.7500
10/01/2000,8.7500
11/01/2000,8.7500
12/01/2000,8.7500
13/01/2000,8.7500
14/01/2000,8.7500
17/01/2000,8.7500
18/01/2000,8.7500
19/01/2000,8.7500
20/01/2000,8.7500
21/01/2000,8.7500
24/01/2000,8.7500
25/01/2000,8.7500
26/01/2000,8.7500
27/01/2000,8.7500
28/01/2000,8.7500
31/01/2000,8.7500
01/02/2000,8.7500
02/02/2000,8.7500
03/02/2000,8.7500
04/02/2000,8.7500
07/02/2000,8.7500
08/02/2000,8.7500
09/02/2000,8.7500
10/02/2000,8.7500
11/02/2000,8.7500
14/02/2000,8.7500
15/02/2000,8.7500
16/02/2000,8.7500
17/02/2000,8.7500
18/02/2000,8.7500
21/02/2000,8.7500
22/02/2000,8.7500
23/02/2000,8.7500
24/02/2000,8.7500
25/02/2000,..
28/02/2000,8.7500
29/02/2000,8.7500
01/03/2000,8.7500
02/03/2000,8.7500
03/03/2000,8.7500
06/03/2000,8.7500
07/03/2000,8.7500
08/03/2000,8.7500
09/03/2000,8.7500
10/03/2000,8.7500
13/03/2000,8.7500
14/03/2000,8.7500
15/03/2000,8.7500
16/03/2000,8.7500
17/03/2000,8.7500
20/03/2000,8.7500
21/03/2000,8.7500
22/03/2000,8.7500
23/03/2000,8.7500
24/03/2000,8.7500
27/03/2000,8.7500
28/03/2000,8.7500
29/03/2000,8.7500
30/03/2000,8.7500
31/03/2000,8.7500
03/04/2000,8.7500
04/04/2000,8.7500
05/04/2000,8.7500
06/04/2000,8.7500
07/04/2000,8.7500
10/04/2000,8.7500
11/04/2000,8.7500
12/04/2000,8.7500
13/04/2000,8.7500
14/04/2000,8.7500
17/04/2000,8.7500
18/04/2000,8.7500
19/04/2000,8.7500
20/04/2000,..
21/04/2000,..
24/04/2000,8.7500
25/04/2000,8.7500
26/04/2000,8.7500
27/04/2000,8.7500
28/04/2000,8.7500
01/05/2000,..
02/05/2000,9.0000
03/05/2000,9.0000
04/05/2000,9.0000
05/05/2000,9.0000
08/05/2000,9.0000
09/05/2000,9.0000
10/05/2000,9.0000
11/05/2000,9.0000
12/05/2000,9.0000
15/05/2000,9.0000
16/05/2000,9.0000
17/05/2000,9.5000
18/05/2000,9.5000
19/05/2000,10.0000
22/05/2000,10.0000
23/05/2000,10.0000
24/05/2000,10.0000
25/05/2000,10.0000
26/05/2000,10.0000
29/05/2000,10.0000
30/05/2000,10.0000
31/05/2000,10.0000
01/06/2000,10.0000
02/06/2000,10.0000
05/06/2000,10.0000
06/06/2000,10.0000
07/06/2000,10.0000
08/06/2000,10.0000
09/06/2000,10.0000
12/06/2000,..
13/06/2000,10.0000
14/06/2000,10.0000
15/06/2000,10.0000
16/06/2000,10.0000
19/06/2000,10.0000
20/06/2000,10.0000
21/06/2000,10.0000
22/06/2000,10.0000
23/06/2000,10.0000
26/06/2000,10.0000
27/06/2000,10.0000
28/06/2000,10.0000
29/06/2000,10.0000
30/06/2000,10.0000
03/07/2000,10.0000
04/07/2000,10.0000
05/07/2000,10.0000
06/07/2000,10.0000
07/07/2000,10.0000
10/07/2000,10.0000
11/07/2000,10.0000
12/07/2000,10.0000
13/07/2000,10.0000
14/07/2000,10.0000
17/07/2000,10.0000
18/07/2000,10.0000
19/07/2000,10.0000
20/07/2000,10.0000
21/07/2000,10.0000
24/07/2000,10.0000
25/07/2000,10.0000
26/07/2000,10.0000
27/07/2000,10.0000
28/07/2000,10.0000
31/07/2000,10.0000
01/08/2000,10.0000
02/08/2000,10.0000
03/08/2000,10.0000
04/08/2000,10.0000
07/08/2000,10.0000
08/08/2000,10.0000
09/08/2000,10.0000
10/08/2000,10.0000
11/08/2000,10.0000
14/08/2000,10.0000
15/08/2000,10.0000
16/08/2000,10.0000
17/08/2000,10.0000
18/08/2000,10.0000
21/08/2000,10.0000
22/08/2000,10.0000
23/08/2000,10.0000
24/08/2000,10.0000
25/08/2000,10.0000
28/08/2000,10.0000
29/08/2000,10.0000
30/08/2000,10.0000
31/08/2000,10.0000
01/09/2000,10.0000
04/09/2000,10.0000
05/09/2000,10.0000
06/09/2000,10.0000
07/09/2000,10.0000
08/09/2000,10.0000
11/09/2000,11.0000
12/09/2000,11.0000
13/09/2000,11.0000
14/09/2000,11.0000
15/09/2000,11.0000
18/09/2000,11.0000
19/09/2000,11.0000
20/09/2000,11.0000
21/09/2000,11.0000
22/09/2000,11.0000
25/09/2000,11.0000
26/09/2000,11.0000
27/09/2000,11.0000
28/09/2000,11.0000
29/09/2000,11.0000
02/10/2000,11.0000
03/10/2000,11.0000
04/10/2000,11.0000
05/10/2000,11.0000
06/10/2000,11.0000
09/10/2000,11.0000
10/10/2000,11.0000
11/10/2000,11.0000
12/10/2000,11.0000
13/10/2000,15.0000
16/10/2000,15.0000
17/10/2000,15.0000
18/10/2000,15.0000
19/10/2000,15.0000
20/10/2000,15.0000
23/10/2000,15.0000
24/10/2000,15.0000
25/10/2000,15.0000
26/10/2000,15.0000
27/10/2000,15.0000
30/10/2000,15.0000
31/10/2000,15.0000
01/11/2000,..
02/11/2000,..
03/11/2000,..
06/11/2000,15.0000
07/11/2000,15.0000
08/11/2000,15.0000
09/11/2000,15.0000
10/11/2000,15.0000
13/11/2000,15.0000
14/11/2000,15.0000
15/11/2000,15.0000
16/11/2000,15.0000
17/11/2000,15.0000
20/11/2000,15.0000
21/11/2000,15.0000
22/11/2000,15.0000
23/11/2000,15.0000
24/11/2000,15.0000
27/11/2000,15.0000
28/11/2000,15.0000
29/11/2000,15.0000
30/11/2000,..
01/12/2000,15.0000
04/12/2000,14.5000
05/12/2000,14.5000
06/12/2000,14.5000
07/12/2000,14.5000
08/12/2000,14.5000
11/12/2000,14.0000
12/12/2000,14.0000
13/12/2000,14.0000
14/12/2000,14.0000
15/12/2000,14.0000
18/12/2000,13.5000
19/12/2000,13.5000
20/12/2000,13.5000
21/12/2000,13.5000
22/12/2000,13.5000
25/12/2000,..
26/12/2000,13.5000
27/12/2000,13.5000
28/12/2000,13.5000
29/12/2000,13.5000
01/01/2001,..
02/01/2001,13.5000
03/01/2001,13.5000
04/01/2001,13.5000
05/01/2001,13.5000
08/01/2001,13.0000
09/01/2001,13.0000
10/01/2001,13.0000
11/01/2001,13.0000
12/01/2001,13.0000
15/01/2001,12.5000
16/01/2001,12.5000
17/01/2001,12.5000
18/01/2001,12.5000
19/01/2001,12.5000
22/01/2001,12.5000
23/01/2001,12.5000
24/01/2001,12.5000
25/01/2001,12.5000
26/01/2001,12.5000
29/01/2001,12.0000
30/01/2001,12.0000
31/01/2001,12.0000
01/02/2001,12.0000
02/02/2001,12.0000
05/02/2001,11.5000
06/02/2001,11.5000
07/02/2001,11.5000
08/02/2001,11.5000
09/02/2001,11.5000
12/02/2001,11.0000
13/02/2001,11.0000
14/02/2001,11.0000
15/02/2001,11.0000
16/02/2001,11.0000
19/02/2001,11.0000
20/02/2001,11.0000
21/02/2001,11.0000
22/02/2001,11.0000
23/02/2001,11.0000
26/02/2001,11.0000
27/02/2001,11.0000
28/02/2001,11.0000
01/03/2001,11.0000
02/03/2001,11.0000
05/03/2001,11.0000
06/03/2001,11.0000
07/03/2001,11.0000
08/03/2001,11.0000
09/03/2001,11.0000
12/03/2001,10.5000
13/03/2001,10.5000
14/03/2001,10.5000
15/03/2001,10.5000
16/03/2001,10.5000
19/03/2001,10.5000
20/03/2001,10.5000
21/03/2001,10.5000
22/03/2001,10.5000
23/03/2001,10.0000
26/03/2001,10.0000
27/03/2001,10.0000
28/03/2001,10.0000
29/03/2001,10.0000
30/03/2001,10.0000
02/04/2001,10.0000
03/04/2001,10.0000
04/04/2001,10.0000
05/04/2001,10.0000
06/04/2001,10.0000
09/04/2001,..
10/04/2001,10.0000
11/04/2001,10.0000
12/04/2001,..
13/04/2001,..
16/04/2001,10.0000
17/04/2001,10.0000
18/04/2001,10.0000
19/04/2001,10.0000
20/04/2001,9.5000
23/04/2001,9.5000
24/04/2001,9.5000
25/04/2001,9.5000
26/04/2001,9.5000
27/04/2001,9.5000
30/04/2001,9.5000
01/05/2001,..
02/05/2001,9.5000
03/05/2001,9.5000
04/05/2001,9.5000
07/05/2001,9.5000
08/05/2001,9.5000
09/05/2001,9.5000
10/05/2001,9.5000
11/05/2001,9.5000
14/05/2001,..
15/05/2001,9.5000
16/05/2001,9.5000
17/05/2001,9.5000
18/05/2001,9.0000
21/05/2001,9.0000
22/05/2001,9.0000
23/05/2001,9.0000
24/05/2001,9.0000
25/05/2001,9.0000
28/05/2001,9.0000
29/05/2001,9.0000
30/05/2001,9.0000
31/05/2001,9.0000
01/06/2001,9.0000
04/06/2001,9.0000
05/06/2001,9.0000
06/06/2001,9.0000
07/06/2001,9.0000
08/06/2001,9.0000
11/06/2001,9.0000
12/06/2001,..
13/06/2001,9.0000
14/06/2001,9.0000
15/06/2001,9.0000
18/06/2001,9.0000
19/06/2001,9.0000
20/06/2001,9.0000
21/06/2001,9.0000
22/06/2001,9.0000
25/06/2001,9.0000
26/06/2001,9.0000
27/06/2001,9.0000
28/06/2001,9.0000
29/06/2001,9.0000
02/07/2001,9.0000
03/07/2001,9.0000
04/07/2001,9.0000
05/07/2001,9.0000
06/07/2001,9.0000
09/07/2001,9.0000
10/07/2001,9.0000
11/07/2001,9.0000
12/07/2001,9.0000
13/07/2001,9.0000
16/07/2001,9.0000
17/07/2001,9.0000
18/07/2001,9.0000
19/07/2001,9.0000
20/07/2001,9.0000
23/07/2001,9.0000
24/07/2001,9.0000
25/07/2001,9.0000
26/07/2001,9.0000
27/07/2001,9.0000
30/07/2001,9.0000
31/07/2001,9.0000
01/08/2001,9.0000
02/08/2001,9.0000
03/08/2001,9.0000
06/08/2001,9.0000
07/08/2001,9.0000
08/08/2001,9.0000
09/08/2001,9.0000
10/08/2001,9.0000
13/08/2001,9.0000
14/08/2001,9.0000
15/08/2001,9.0000
16/08/2001,9.0000
17/08/2001,9.0000
20/08/2001,9.0000
21/08/2001,9.0000
22/08/2001,9.0000
23/08/2001,9.0000
24/08/2001,9.0000
27/08/2001,9.0000
28/08/2001,9.0000
29/08/2001,9.0000
30/08/2001,9.0000
31/08/2001,9.0000
03/09/2001,9.0000
04/09/2001,9.0000
05/09/2001,9.0000
06/09/2001,9.0000
07/09/2001,9.0000
10/09/2001,9.0000
11/09/2001,9.0000
12/09/2001,9.0000
13/09/2001,9.0000
14/09/2001,9.0000
17/09/2001,9.0000
18/09/2001,9.0000
19/09/2001,9.0000
20/09/2001,9.0000
21/09/2001,9.0000
24/09/2001,9.0000
25/09/2001,9.0000
26/09/2001,9.0000
27/09/2001,9.0000
28/09/2001,9.0000
01/10/2001,9.0000
02/10/2001,9.0000
03/10/2001,9.0000
04/10/2001,9.0000
05/10/2001,8.7500
08/10/2001,8.7500
09/10/2001,8.7500
10/10/2001,8.7500
11/10/2001,8.7500
12/10/2001,8.7500
15/10/2001,8.7500
16/10/2001,8.7500
17/10/2001,8.7500
18/10/2001,8.7500
19/10/2001,8.7500
22/10/2001,8.7500
23/10/2001,8.7500
24/10/2001,8.7500
25/10/2001,8.7500
26/10/2001,8.7500
29/10/2001,8.7500
30/10/2001,8.7500
31/10/2001,8.7500
01/11/2001,..
02/11/2001,..
05/11/2001,8.7500
06/11/2001,8.7500
07/11/2001,8.7500
08/11/2001,8.7500
09/11/2001,8.2500
12/11/2001,8.2500
13/11/2001,8.2500
14/11/2001,8.2500
15/11/2001,8.2500
16/11/2001,8.2500
19/11/2001,8.2500
20/11/2001,8.2500
21/11/2001,8.2500
22/11/2001,8.2500
23/11/2001,8.2500
26/11/2001,8.2500
27/11/2001,8.2500
28/11/2001,8.2500
29/11/2001,8.2500
30/11/2001,..
03/12/2001,8.2500
04/12/2001,8.2500
05/12/2001,8.2500
06/12/2001,8.2500
07/12/2001,8.0000
10/12/2001,8.0000
11/12/2001,8.0000
12/12/2001,8.0000
13/12/2001,8.0000
14/12/2001,8.0000
17/12/2001,..
18/12/2001,7.7500
19/12/2001,7.7500
20/12/2001,7.7500
21/12/2001,7.7500
24/12/2001,..
25/12/2001,..
26/12/2001,7.7500
27/12/2001,7.7500
28/12/2001,7.7500
31/12/2001,..
01/01/2002,..
02/01/2002,7.7500
03/01/2002,7.7500
04/01/2002,7.7500
07/01/2002,7.7500
08/01/2002,7.7500
09/01/2002,7.7500
10/01/2002,7.7500
11/01/2002,7.7500
14/01/2002,7.7500
15/01/2002,7.7500
16/01/2002,7.7500
17/01/2002,7.7500
18/01/2002,7.5000
21/01/2002,7.5000
22/01/2002,7.5000
23/01/2002,7.5000
24/01/2002,7.5000
25/01/2002,7.5000
28/01/2002,7.5000
29/01/2002,7.5000
30/01/2002,7.5000
31/01/2002,7.5000
01/02/2002,7.5000
04/02/2002,7.5000
05/02/2002,7.5000
06/02/2002,7.5000
07/02/2002,7.5000
08/02/2002,7.5000
11/02/2002,7.5000
12/02/2002,7.5000
13/02/2002,7.5000
14/02/2002,7.5000
15/02/2002,7.2500
18/02/2002,7.2500
19/02/2002,7.2500
20/02/2002,7.2500
21/02/2002,7.2500
22/02/2002,7.2500
25/02/2002,..
26/02/2002,7.2500
27/02/2002,7.2500
28/02/2002,7.2500
01/03/2002,7.2500
04/03/2002,7.2500
05/03/2002,7.2500
06/03/2002,7.2500
07/03/2002,7.2500
08/03/2002,7.2500
11/03/2002,7.2500
12/03/2002,7.2500
13/03/2002,7.2500
14/03/2002,7.2500
15/03/2002,7.0000
18/03/2002,7.0000
19/03/2002,7.0000
20/03/2002,7.0000
21/03/2002,7.0000
22/03/2002,7.0000
25/03/2002,7.0000
26/03/2002,7.0000
27/03/2002,..
28/03/2002,..
29/03/2002,..
01/04/2002,7.0000
02/04/2002,7.0000
03/04/2002,7.0000
04/04/2002,7.0000
05/04/2002,7.0000
08/04/2002,..
09/04/2002,7.0000
10/04/2002,7.0000
11/04/2002,7.0000
12/04/2002,7.0000
15/04/2002,7.0000
16/04/2002,7.0000
17/04/2002,7.0000
18/04/2002,7.0000
19/04/2002,7.0000
22/04/2002,7.0000
23/04/2002,7.0000
24/04/2002,7.0000
25/04/2002,7.0000
26/04/2002,7.0000
29/04/2002,7.0000
30/04/2002,7.0000
01/05/2002,..
02/05/2002,7.0000
03/05/2002,7.0000
06/05/2002,7.0000
07/05/2002,7.0000
08/05/2002,7.0000
09/05/2002,7.0000
10/05/2002,7.0000
13/05/2002,7.0000
14/05/2002,7.0000
15/05/2002,7.0000
16/05/2002,7.0000
17/05/2002,7.0000
20/05/2002,7.0000
21/05/2002,7.0000
22/05/2002,7.0000
23/05/2002,7.0000
24/05/2002,7.0000
27/05/2002,7.0000
28/05/2002,7.0000
29/05/2002,7.0000
30/05/2002,7.0000
31/05/2002,7.0000
03/06/2002,7.0000
04/06/2002,7.0000
05/06/2002,7.0000
06/06/2002,7.0000
07/06/2002,7.0000
10/06/2002,7.0000
11/06/2002,7.0000
12/06/2002,..
13/06/2002,7.0000
14/06/2002,7.0000
17/06/2002,7.0000
18/06/2002,7.0000
19/06/2002,7.0000
20/06/2002,7.0000
21/06/2002,7.0000
24/06/2002,..
25/06/2002,7.0000
26/06/2002,7.0000
27/06/2002,7.0000
28/06/2002,7.0000
01/07/2002,7.0000
02/07/2002,7.0000
03/07/2002,7.0000
04/07/2002,7.0000
05/07/2002,7.0000
08/07/2002,..
09/07/2002,7.0000
10/07/2002,7.0000
11/07/2002,7.0000
12/07/2002,7.0000
15/07/2002,..
16/07/2002,7.0000
17/07/2002,7.0000
18/07/2002,7.0000
19/07/2002,7.0000
22/07/2002,7.0000
23/07/2002,7.0000
24/07/2002,7.0000
25/07/2002,7.0000
26/07/2002,7.0000
29/07/2002,7.0000
30/07/2002,7.0000
31/07/2002,7.0000
01/08/2002,7.0000
02/08/2002,7.0000
05/08/2002,7.0000
06/08/2002,7.0000
07/08/2002,7.0000
08/08/2002,7.0000
09/08/2002,7.0000
12/08/2002,7.0000
13/08/2002,7.0000
14/08/2002,7.0000
15/08/2002,7.0000
16/08/2002,7.0000
19/08/2002,7.0000
20/08/2002,7.0000
21/08/2002,7.0000
22/08/2002,7.0000
23/08/2002,7.0000
26/08/2002,7.0000
27/08/2002,7.0000
28/08/2002,7.0000
29/08/2002,7.0000
30/08/2002,7.0000
02/09/2002,7.0000
03/09/2002,7.0000
04/09/2002,7.0000
05/09/2002,7.0000
06/09/2002,7.0000
09/09/2002,7.0000
10/09/2002,7.0000
11/09/2002,7.0000
12/09/2002,7.0000
13/09/2002,7.0000
16/09/2002,7.0000
17/09/2002,7.0000
18/09/2002,7.0000
19/09/2002,7.0000
20/09/2002,7.0000
23/09/2002,7.0000
24/09/2002,7.0000
25/09/2002,7.0000
26/09/2002,7.0000
27/09/2002,7.0000
30/09/2002,7.0000
01/10/2002,7.0000
02/10/2002,7.0000
03/10/2002,7.0000
04/10/2002,7.0000
07/10/2002,7.0000
08/10/2002,7.0000
09/10/2002,7.0000
10/10/2002,7.0000
11/10/2002,7.0000
14/10/2002,7.0000
15/10/2002,7.0000
16/10/2002,7.0000
17/10/2002,7.0000
18/10/2002,7.0000
21/10/2002,7.0000
22/10/2002,7.0000
23/10/2002,7.0000
24/10/2002,7.0000
25/10/2002,7.0000
28/10/2002,7.0000
29/10/2002,7.0000
30/10/2002,7.0000
31/10/2002,..
01/11/2002,..
04/11/2002,7.0000
05/11/2002,7.0000
06/11/2002,7.0000
07/11/2002,7.0000
08/11/2002,7.0000
11/11/2002,7.0000
12/11/2002,7.0000
13/11/2002,7.0000
14/11/2002,7.0000
15/11/2002,7.0000
18/11/2002,7.0000
19/11/2002,7.0000
20/11/2002,7.0000
21/11/2002,7.0000
22/11/2002,7.0000
25/11/2002,7.0000
26/11/2002,7.0000
27/11/2002,7.0000
28/11/2002,7.0000
29/11/2002,7.0000
02/12/2002,7.0000
03/12/2002,7.0000
04/12/2002,7.0000
05/12/2002,7.0000
06/12/2002,..
09/12/2002,7.0000
10/12/2002,7.0000
11/12/2002,7.0000
12/12/2002,7.0000
13/12/2002,7.0000
16/12/2002,7.0000
17/12/2002,7.0000
18/12/2002,7.0000
19/12/2002,7.0000
20/12/2002,7.0000
23/12/2002,7.0000
24/12/2002,..
25/12/2002,..
26/12/2002,7.0000
27/12/2002,7.0000
30/12/2002,..
31/12/2002,..
01/01/2003,..
02/01/2003,7.0000
03/01/2003,7.0000
06/01/2003,7.0000
07/01/2003,7.0000
08/01/2003,7.0000
09/01/2003,7.0000
10/01/2003,7.0000
13/01/2003,7.0000
14/01/2003,7.0000
15/01/2003,7.0000
16/01/2003,7.0000
17/01/2003,7.0000
20/01/2003,7.0000
21/01/2003,7.0000
22/01/2003,7.0000
23/01/2003,7.0000
24/01/2003,7.0000
27/01/2003,7.0000
28/01/2003,7.0000
29/01/2003,7.0000
30/01/2003,7.0000
31/01/2003,7.0000
03/02/2003,7.0000
04/02/2003,7.0000
05/02/2003,7.0000
06/02/2003,7.0000
07/02/2003,7.0000
10/02/2003,7.0000
11/02/2003,7.0000
12/02/2003,7.0000
13/02/2003,7.0000
14/02/2003,7.0000
17/02/2003,7.0000
18/02/2003,7.0000
19/02/2003,7.0000
20/02/2003,7.0000
21/02/2003,7.0000
24/02/2003,7.0000
25/02/2003,..
26/02/2003,7.0000
27/02/2003,7.0000
28/02/2003,7.0000
03/03/2003,7.0000
04/03/2003,7.0000
05/03/2003,7.0000
06/03/2003,7.0000
07/03/2003,7.0000
10/03/2003,7.0000
11/03/2003,7.0000
12/03/2003,7.0000
13/03/2003,7.0000
14/03/2003,7.0000
17/03/2003,7.0000
18/03/2003,7.0000
19/03/2003,7.0000
20/03/2003,7.0000
21/03/2003,7.0000
24/03/2003,7.0000
25/03/2003,7.0000
26/03/2003,7.0000
27/03/2003,7.0000
28/03/2003,7.0000
31/03/2003,7.0000
01/04/2003,7.0000
02/04/2003,7.0000
03/04/2003,7.0000
04/04/2003,7.0000
07/04/2003,..
08/04/2003,7.0000
09/04/2003,7.0000
10/04/2003,7.0000
11/04/2003,7.0000
14/04/2003,7.0000
15/04/2003,7.0000
16/04/2003,..
17/04/2003,..
18/04/2003,..
21/04/2003,7.0000
22/04/2003,7.0000
23/04/2003,7.0000
24/04/2003,7.0000
25/04/2003,7.0000
28/04/2003,7.0000
29/04/2003,7.0000
30/04/2003,7.0000
01/05/2003,..
02/05/2003,..
05/05/2003,7.0000
06/05/2003,7.0000
07/05/2003,7.0000
08/05/2003,7.0000
09/05/2003,7.0000
12/05/2003,7.0000
13/05/2003,7.0000
14/05/2003,7.0000
15/05/2003,7.0000
16/05/2003,7.0000
19/05/2003,7.0000
20/05/2003,7.0000
21/05/2003,7.0000
22/05/2003,7.0000
23/05/2003,7.0000
26/05/2003,7.0000
27/05/2003,7.0000
28/05/2003,7.0000
29/05/2003,7.0000
30/05/2003,7.0000
02/06/2003,7.0000
03/06/2003,7.0000
04/06/2003,7.0000
05/06/2003,7.0000
06/06/2003,7.0000
09/06/2003,7.0000
10/06/2003,7.0000
11/06/2003,7.0000
12/06/2003,7.0000
13/06/2003,..
16/06/2003,7.0000
17/06/2003,7.0000
18/06/2003,7.0000
19/06/2003,7.0000
20/06/2003,7.0000
23/06/2003,7.0000
24/06/2003,7.0000
25/06/2003,7.0000
26/06/2003,7.0000
27/06/2003,7.0000
30/06/2003,7.0000
01/07/2003,7.0000
02/07/2003,6.7500
03/07/2003,6.7500
04/07/2003,6.7500
07/07/2003,6.7500
08/07/2003,6.7500
09/07/2003,6.7500
10/07/2003,6.7500
11/07/2003,6.7500
14/07/2003,6.7500
15/07/2003,6.7500
16/07/2003,6.7500
17/07/2003,6.7500
18/07/2003,6.7500
21/07/2003,6.7500
22/07/2003,6.7500
23/07/2003,6.7500
24/07/2003,6.7500
25/07/2003,6.7500
28/07/2003,6.7500
29/07/2003,6.7500
30/07/2003,6.7500
31/07/2003,6.7500
01/08/2003,6.7500
04/08/2003,6.7500
05/08/2003,6.7500
06/08/2003,6.7500
07/08/2003,6.7500
08/08/2003,6.7500
11/08/2003,6.7500
12/08/2003,6.7500
13/08/2003,6.7500
14/08/2003,6.7500
15/08/2003,6.7500
18/08/2003,6.7500
19/08/2003,6.7500
20/08/2003,6.7500
21/08/2003,6.7500
22/08/2003,..
25/08/2003,6.7500
26/08/2003,6.7500
27/08/2003,6.7500
28/08/2003,6.7500
29/08/2003,6.7500
01/09/2003,6.7500
02/09/2003,6.7500
03/09/2003,6.7500
04/09/2003,6.7500
05/09/2003,6.7500
08/09/2003,6.7500
09/09/2003,6.7500
10/09/2003,6.7500
11/09/2003,6.7500
12/09/2003,6.7500
15/09/2003,6.7500
16/09/2003,6.7500
17/09/2003,6.7500
18/09/2003,6.7500
19/09/2003,6.7500
22/09/2003,6.7500
23/09/2003,6.7500
24/09/2003,6.7500
25/09/2003,6.7500
26/09/2003,6.7500
29/09/2003,6.7500
30/09/2003,6.7500
01/10/2003,6.7500
02/10/2003,6.7500
03/10/2003,6.7500
06/10/2003,6.7500
07/10/2003,6.7500
08/10/2003,6.7500
09/10/2003,6.7500
10/10/2003,6.7500
13/10/2003,6.7500
14/10/2003,6.7500
15/10/2003,6.7500
16/10/2003,6.7500
17/10/2003,6.7500
20/10/2003,6.7500
21/10/2003,6.7500
22/10/2003,6.7500
23/10/2003,6.7500
24/10/2003,6.7500
27/10/2003,6.7500
28/10/2003,6.7500
29/10/2003,6.7500
30/10/2003,6.7500
31/10/2003,6.7500
03/11/2003,6.7500
04/11/2003,6.7500
05/11/2003,6.7500
06/11/2003,6.7500
07/11/2003,6.7500
10/11/2003,6.7500
11/11/2003,6.7500
12/11/2003,6.7500
13/11/2003,6.7500
14/11/2003,6.7500
17/11/2003,6.7500
18/11/2003,6.7500
19/11/2003,6.7500
20/11/2003,6.7500
21/11/2003,6.7500
24/11/2003,6.7500
25/11/2003,6.7500
26/11/2003,..
27/11/2003,6.7500
28/11/2003,6.7500
01/12/2003,6.7500
02/12/2003,6.7500
03/12/2003,6.7500
04/12/2003,6.7500
05/12/2003,6.7500
08/12/2003,6.7500
09/12/2003,6.7500
10/12/2003,6.7500
11/12/2003,6.7500
12/12/2003,6.7500
15/12/2003,6.7500
16/12/2003,6.7500
17/12/2003,6.7500
18/12/2003,6.7500
19/12/2003,6.7500
22/12/2003,6.7500
23/12/2003,6.7500
24/12/2003,..
25/12/2003,..
26/12/2003,..
29/12/2003,6.7500
30/12/2003,6.7500
31/12/2003,..
01/01/2004,..
02/01/2004,..
05/01/2004,6.7500
06/01/2004,6.7500
07/01/2004,6.7500
08/01/2004,6.7500
09/01/2004,6.7500
12/01/2004,6.7500
13/01/2004,6.7500
14/01/2004,6.7500
15/01/2004,6.7500
16/01/2004,6.7500
19/01/2004,6.7500
20/01/2004,6.7500
21/01/2004,6.7500
22/01/2004,6.7500
23/01/2004,6.7500
26/01/2004,6.7500
27/01/2004,6.7500
28/01/2004,6.7500
29/01/2004,6.7500
30/01/2004,6.7500
02/02/2004,6.7500
03/02/2004,6.7500
04/02/2004,6.7500
05/02/2004,6.7500
06/02/2004,6.7500
09/02/2004,6.7500
10/02/2004,6.7500
11/02/2004,6.7500
12/02/2004,6.7500
13/02/2004,6.7500
16/02/2004,6.7500
17/02/2004,6.7500
18/02/2004,6.7500
19/02/2004,6.7500
20/02/2004,6.7500
23/02/2004,6.7500
24/02/2004,6.7500
25/02/2004,..
26/02/2004,6.7500
27/02/2004,6.7500
01/03/2004,6.7500
02/03/2004,6.7500
03/03/2004,6.7500
04/03/2004,6.7500
05/03/2004,6.7500
08/03/2004,6.7500
09/03/2004,6.7500
10/03/2004,6.7500
11/03/2004,6.7500
12/03/2004,6.7500
15/03/2004,6.7500
16/03/2004,6.7500
17/03/2004,6.7500
18/03/2004,6.7500
19/03/2004,6.7500
22/03/2004,6.7500
23/03/2004,6.7500
24/03/2004,6.7500
25/03/2004,6.7500
26/03/2004,6.7500
29/03/2004,6.7500
30/03/2004,6.7500
31/03/2004,6.7500
01/04/2004,6.7500
02/04/2004,6.7500
05/04/2004,6.7500
06/04/2004,6.7500
07/04/2004,..
08/04/2004,..
09/04/2004,..
12/04/2004,6.7500
13/04/2004,6.7500
14/04/2004,6.7500
15/04/2004,6.7500
16/04/2004,6.7500
19/04/2004,6.7500
20/04/2004,6.7500
21/04/2004,6.7500
22/04/2004,6.7500
23/04/2004,6.7500
26/04/2004,6.7500
27/04/2004,6.7500
28/04/2004,6.7500
29/04/2004,6.7500
30/04/2004,6.7500
03/05/2004,6.7500
04/05/2004,6.7500
05/05/2004,6.7500
06/05/2004,6.7500
07/05/2004,6.7500
10/05/2004,..
11/05/2004,6.7500
12/05/2004,6.7500
13/05/2004,6.7500
14/05/2004,6.7500
17/05/2004,6.7500
18/05/2004,6.7500
19/05/2004,6.7500
20/05/2004,6.7500
21/05/2004,6.7500
24/05/2004,6.7500
25/05/2004,6.7500
26/05/2004,6.7500
27/05/2004,6.7500
28/05/2004,6.7500
31/05/2004,6.7500
01/06/2004,6.7500
02/06/2004,6.7500
03/06/2004,6.7500
04/06/2004,6.7500
07/06/2004,6.7500
08/06/2004,6.7500
09/06/2004,6.7500
10/06/2004,6.7500
11/06/2004,6.7500
14/06/2004,6.7500
15/06/2004,6.7500
16/06/2004,6.7500
17/06/2004,6.7500
18/06/2004,6.7500
21/06/2004,6.7500
22/06/2004,6.7500
23/06/2004,6.7500
24/06/2004,6.7500
25/06/2004,6.7500
28/06/2004,6.7500
29/06/2004,6.7500
30/06/2004,6.7500
01/07/2004,6.7500
02/07/2004,6.7500
05/07/2004,6.7500
06/07/2004,6.7500
07/07/2004,6.7500
08/07/2004,6.7500
09/07/2004,6.7500
12/07/2004,6.7500
13/07/2004,6.7500
14/07/2004,6.7500
15/07/2004,6.7500
16/07/2004,6.7500
19/07/2004,6.7500
20/07/2004,6.7500
21/07/2004,6.7500
22/07/2004,6.7500
23/07/2004,6.7500
26/07/2004,6.7500
27/07/2004,6.7500
28/07/2004,6.7500
29/07/2004,6.7500
30/07/2004,6.7500
02/08/2004,6.7500
03/08/2004,6.7500
04/08/2004,6.7500
05/08/2004,6.7500
06/08/2004,6.7500
09/08/2004,6.7500
10/08/2004,6.7500
11/08/2004,6.7500
12/08/2004,6.7500
13/08/2004,6.7500
16/08/2004,6.7500
17/08/2004,6.7500
18/08/2004,6.7500
19/08/2004,6.7500
20/08/2004,6.7500
23/08/2004,6.7500
24/08/2004,6.7500
25/08/2004,6.7500
26/08/2004,..
27/08/2004,6.7500
30/08/2004,6.7500
31/08/2004,6.7500
01/09/2004,6.7500
02/09/2004,6.7500
03/09/2004,6.7500
06/09/2004,6.7500
07/09/2004,6.7500
08/09/2004,6.7500
09/09/2004,6.7500
10/09/2004,6.7500
13/09/2004,6.7500
14/09/2004,6.7500
15/09/2004,6.7500
16/09/2004,6.7500
17/09/2004,6.7500
20/09/2004,6.7500
21/09/2004,6.7500
22/09/2004,6.7500
23/09/2004,6.7500
24/09/2004,6.7500
27/09/2004,6.7500
28/09/2004,6.7500
29/09/2004,6.7500
30/09/2004,6.7500
01/10/2004,6.7500
04/10/2004,6.7500
05/10/2004,6.7500
06/10/2004,6.7500
07/10/2004,6.7500
08/10/2004,6.7500
11/10/2004,6.7500
12/10/2004,6.7500
13/10/2004,6.7500
14/10/2004,6.7500
15/10/2004,6.7500
18/10/2004,6.7500
19/10/2004,6.7500
20/10/2004,6.7500
21/10/2004,6.7500
22/10/2004,6.7500
25/10/2004,6.7500
26/10/2004,6.7500
27/10/2004,6.7500
28/10/2004,6.7500
29/10/2004,6.7500
01/11/2004,..
02/11/2004,6.7500
03/11/2004,6.7500
04/11/2004,6.7500
05/11/2004,6.7500
08/11/2004,6.7500
09/11/2004,6.7500
10/11/2004,6.7500
11/11/2004,6.7500
12/11/2004,6.7500
15/11/2004,..
16/11/2004,6.7500
17/11/2004,6.7500
18/11/2004,6.7500
19/11/2004,6.7500
22/11/2004,6.7500
23/11/2004,6.7500
24/11/2004,6.7500
25/11/2004,6.7500
26/11/2004,6.7500
29/11/2004,..
30/11/2004,6.7500
01/12/2004,6.7500
02/12/2004,6.7500
03/12/2004,..
06/12/2004,6.7500
07/12/2004,6.7500
08/12/2004,6.7500
09/12/2004,6.7500
10/12/2004,6.7500
13/12/2004,6.7500
14/12/2004,6.7500
15/12/2004,6.7500
16/12/2004,6.7500
17/12/2004,6.7500
20/12/2004,6.7500
21/12/2004,6.7500
22/12/2004,6.7500
23/12/2004,6.7500
24/12/2004,..
27/12/2004,..
28/12/2004,6.7500
29/12/2004,6.7500
30/12/2004,..
31/12/2004,..
03/01/2005,6.7500
04/01/2005,6.7500
05/01/2005,6.7500
06/01/2005,6.7500
07/01/2005,6.7500
10/01/2005,6.7500
11/01/2005,6.7500
12/01/2005,6.7500
13/01/2005,6.7500
14/01/2005,6.7500
17/01/2005,6.7500
18/01/2005,6.7500
19/01/2005,6.7500
20/01/2005,6.7500
21/01/2005,6.7500
24/01/2005,6.7500
25/01/2005,6.7500
26/01/2005,6.7500
27/01/2005,6.7500
28/01/2005,6.7500
31/01/2005,6.7500
01/02/2005,6.7500
02/02/2005,6.7500
03/02/2005,6.7500
04/02/2005,6.7500
07/02/2005,6.7500
08/02/2005,6.7500
09/02/2005,6.7500
10/02/2005,6.7500
11/02/2005,6.7500
14/02/2005,6.7500
15/02/2005,6.7500
16/02/2005,6.7500
17/02/2005,6.7500
18/02/2005,6.7500
21/02/2005,6.7500
22/02/2005,6.7500
23/02/2005,6.7500
24/02/2005,6.7500
25/02/2005,..
28/02/2005,6.7500
01/03/2005,6.7500
02/03/2005,6.7500
03/03/2005,6.7500
04/03/2005,6.7500
07/03/2005,6.7500
08/03/2005,6.7500
09/03/2005,6.7500
10/03/2005,6.7500
11/03/2005,6.7500
14/03/2005,6.7500
15/03/2005,6.7500
16/03/2005,6.7500
17/03/2005,6.7500
18/03/2005,6.7500
21/03/2005,6.7500
22/03/2005,6.7500
23/03/2005,..
24/03/2005,..
25/03/2005,..
28/03/2005,6.7500
29/03/2005,6.7500
30/03/2005,6.7500
31/03/2005,6.7500
01/04/2005,6.7500
04/04/2005,6.7500
05/04/2005,6.7500
06/04/2005,6.7500
07/04/2005,7.0000
08/04/2005,7.0000
11/04/2005,7.0000
12/04/2005,7.0000
13/04/2005,7.0000
14/04/2005,7.0000
15/04/2005,7.0000
18/04/2005,7.0000
19/04/2005,7.0000
20/04/2005,7.0000
21/04/2005,7.0000
22/04/2005,7.0000
25/04/2005,7.0000
26/04/2005,7.0000
27/04/2005,7.0000
28/04/2005,7.0000
29/04/2005,7.0000
02/05/2005,..
03/05/2005,7.0000
04/05/2005,7.0000
05/05/2005,7.0000
06/05/2005,7.0000
09/05/2005,7.0000
10/05/2005,7.0000
11/05/2005,7.0000
12/05/2005,7.0000
13/05/2005,7.0000
16/05/2005,7.0000
17/05/2005,7.0000
18/05/2005,7.0000
19/05/2005,7.0000
20/05/2005,7.0000
23/05/2005,7.0000
24/05/2005,7.0000
25/05/2005,7.0000
26/05/2005,7.0000
27/05/2005,7.0000
30/05/2005,7.0000
31/05/2005,7.0000
01/06/2005,7.0000
02/06/2005,7.0000
03/06/2005,7.0000
06/06/2005,7.0000
07/06/2005,7.0000
08/06/2005,7.0000
09/06/2005,7.0000
10/06/2005,7.0000
13/06/2005,..
14/06/2005,7.0000
15/06/2005,7.0000
16/06/2005,7.0000
17/06/2005,7.0000
20/06/2005,7.0000
21/06/2005,7.0000
22/06/2005,7.0000
23/06/2005,7.0000
24/06/2005,7.0000
27/06/2005,7.0000
28/06/2005,7.0000
29/06/2005,7.0000
30/06/2005,7.0000
01/07/2005,7.0000
04/07/2005,7.0000
05/07/2005,7.0000
06/07/2005,7.0000
07/07/2005,7.0000
08/07/2005,7.0000
11/07/2005,7.0000
12/07/2005,7.0000
13/07/2005,7.0000
14/07/2005,7.0000
15/07/2005,7.0000
18/07/2005,7.0000
19/07/2005,7.0000
20/07/2005,7.0000
21/07/2005,7.0000
22/07/2005,7.0000
25/07/2005,..
26/07/2005,7.0000
27/07/2005,7.0000
28/07/2005,7.0000
29/07/2005,7.0000
01/08/2005,7.0000
02/08/2005,7.0000
03/08/2005,7.0000
04/08/2005,7.0000
05/08/2005,7.0000
08/08/2005,7.0000
09/08/2005,7.0000
10/08/2005,7.0000
11/08/2005,7.0000
12/08/2005,7.0000
15/08/2005,7.0000
16/08/2005,7.0000
17/08/2005,7.0000
18/08/2005,7.0000
19/08/2005,7.0000
22/08/2005,7.0000
23/08/2005,7.0000
24/08/2005,7.0000
25/08/2005,7.0000
26/08/2005,7.0000
29/08/2005,..
30/08/2005,7.0000
31/08/2005,7.0000
01/09/2005,7.0000
02/09/2005,7.0000
05/09/2005,7.0000
06/09/2005,7.0000
07/09/2005,7.0000
08/09/2005,7.0000
09/09/2005,7.0000
12/09/2005,7.0000
13/09/2005,7.0000
14/09/2005,7.0000
15/09/2005,7.0000
16/09/2005,7.0000
19/09/2005,7.0000
20/09/2005,7.0000
21/09/2005,7.0000
22/09/2005,7.2500
23/09/2005,7.2500
26/09/2005,7.2500
27/09/2005,7.2500
28/09/2005,7.2500
29/09/2005,7.2500
30/09/2005,7.2500
03/10/2005,7.2500
04/10/2005,7.2500
05/10/2005,7.2500
06/10/2005,7.2500
07/10/2005,7.2500
10/10/2005,7.2500
11/10/2005,7.2500
12/10/2005,7.2500
13/10/2005,7.2500
14/10/2005,7.2500
17/10/2005,7.2500
18/10/2005,7.2500
19/10/2005,7.2500
20/10/2005,7.5000
21/10/2005,7.5000
24/10/2005,7.5000
25/10/2005,7.5000
26/10/2005,7.5000
27/10/2005,7.5000
28/10/2005,7.5000
31/10/2005,..
01/11/2005,..
02/11/2005,7.5000
03/11/2005,7.5000
04/11/2005,..
07/11/2005,7.5000
08/11/2005,7.5000
09/11/2005,7.5000
10/11/2005,7.5000
11/11/2005,7.5000
14/11/2005,7.5000
15/11/2005,7.5000
16/11/2005,7.5000
17/11/2005,7.5000
18/11/2005,7.5000
21/11/2005,7.5000
22/11/2005,7.5000
23/11/2005,7.5000
24/11/2005,7.5000
25/11/2005,7.5000
28/11/2005,..
29/11/2005,7.5000
30/11/2005,7.5000
01/12/2005,7.5000
02/12/2005,7.5000
05/12/2005,7.5000
06/12/2005,7.5000
07/12/2005,7.5000
08/12/2005,7.5000
09/12/2005,7.5000
12/12/2005,7.5000
13/12/2005,7.5000
14/12/2005,7.5000
15/12/2005,7.5000
16/12/2005,7.5000
19/12/2005,7.5000
20/12/2005,7.5000
21/12/2005,7.5000
22/12/2005,..
23/12/2005,7.5000
26/12/2005,..
27/12/2005,7.5000
28/12/2005,7.5000
29/12/2005,7.5000
30/12/2005,..
02/01/2006,7.5000
03/01/2006,7.5000
04/01/2006,7.5000
05/01/2006,7.5000
06/01/2006,7.5000
09/01/2006,7.5000
10/01/2006,7.5000
11/01/2006,7.5000
12/01/2006,7.5000
13/01/2006,7.5000
16/01/2006,7.5000
17/01/2006,7.5000
18/01/2006,7.5000
19/01/2006,7.5000
20/01/2006,7.5000
23/01/2006,7.5000
24/01/2006,7.5000
25/01/2006,7.5000
26/01/2006,7.5000
27/01/2006,7.5000
30/01/2006,7.5000
31/01/2006,7.5000
01/02/2006,7.5000
02/02/2006,7.5000
03/02/2006,7.5000
06/02/2006,7.5000
07/02/2006,7.5000
08/02/2006,7.5000
09/02/2006,7.5000
10/02/2006,7.5000
13/02/2006,7.5000
14/02/2006,7.5000
15/02/2006,7.5000
16/02/2006,7.5000
17/02/2006,7.5000
20/02/2006,7.5000
21/02/2006,7.5000
22/02/2006,7.5000
23/02/2006,7.5000
24/02/2006,7.5000
27/02/2006,7.5000
28/02/2006,7.5000
01/03/2006,7.5000
02/03/2006,7.5000
03/03/2006,7.5000
06/03/2006,7.5000
07/03/2006,7.5000
08/03/2006,7.5000
09/03/2006,7.5000
10/03/2006,7.5000
13/03/2006,7.5000
14/03/2006,7.5000
15/03/2006,7.5000
16/03/2006,7.5000
17/03/2006,7.5000
20/03/2006,7.5000
21/03/2006,7.5000
22/03/2006,7.5000
23/03/2006,7.5000
24/03/2006,7.5000
27/03/2006,7.5000
28/03/2006,7.5000
29/03/2006,7.5000
30/03/2006,7.5000
31/03/2006,7.5000
03/04/2006,7.5000
04/04/2006,7.5000
05/04/2006,7.5000
06/04/2006,7.5000
07/04/2006,7.5000
10/04/2006,7.5000
11/04/2006,7.5000
12/04/2006,7.5000
13/04/2006,..
14/04/2006,..
17/04/2006,7.5000
18/04/2006,7.5000
19/04/2006,7.5000
20/04/2006,7.5000
21/04/2006,7.5000
24/04/2006,7.5000
25/04/2006,7.5000
26/04/2006,7.5000
27/04/2006,7.5000
28/04/2006,7.5000
01/05/2006,..
02/05/2006,7.5000
03/05/2006,7.5000
04/05/2006,7.5000
05/05/2006,7.5000
08/05/2006,7.5000
09/05/2006,7.5000
10/05/2006,7.5000
11/05/2006,7.5000
12/05/2006,7.5000
15/05/2006,7.5000
16/05/2006,7.5000
17/05/2006,7.5000
18/05/2006,7.5000
19/05/2006,7.5000
22/05/2006,7.5000
23/05/2006,7.5000
24/05/2006,7.5000
25/05/2006,7.5000
26/05/2006,7.5000
29/05/2006,7.5000
30/05/2006,7.5000
31/05/2006,7.5000
01/06/2006,7.5000
02/06/2006,7.5000
05/06/2006,7.5000
06/06/2006,7.5000
07/06/2006,7.5000
08/06/2006,7.5000
09/06/2006,7.5000
12/06/2006,..
13/06/2006,7.5000
14/06/2006,7.5000
15/06/2006,7.5000
16/06/2006,7.5000
19/06/2006,7.5000
20/06/2006,7.5000
21/06/2006,7.5000
22/06/2006,7.5000
23/06/2006,7.5000
26/06/2006,7.5000
27/06/2006,7.5000
28/06/2006,7.5000
29/06/2006,7.5000
30/06/2006,7.5000
03/07/2006,7.5000
04/07/2006,7.5000
05/07/2006,7.5000
06/07/2006,7.5000
07/07/2006,7.5000
10/07/2006,7.5000
11/07/2006,7.5000
12/07/2006,7.5000
13/07/2006,7.5000
14/07/2006,7.5000
17/07/2006,7.5000
18/07/2006,7.5000
19/07/2006,7.5000
20/07/2006,7.5000
21/07/2006,7.5000
24/07/2006,..
25/07/2006,7.5000
26/07/2006,7.5000
27/07/2006,7.5000
28/07/2006,7.5000
31/07/2006,7.5000
01/08/2006,7.5000
02/08/2006,7.5000
03/08/2006,7.5000
04/08/2006,7.5000
07/08/2006,7.5000
08/08/2006,7.5000
09/08/2006,7.5000
10/08/2006,7.5000
11/08/2006,7.5000
14/08/2006,7.5000
15/08/2006,7.5000
16/08/2006,7.5000
17/08/2006,7.5000
18/08/2006,7.5000
21/08/2006,..
22/08/2006,7.5000
23/08/2006,7.5000
24/08/2006,7.5000
25/08/2006,7.5000
28/08/2006,7.5000
29/08/2006,7.5000
30/08/2006,7.5000
31/08/2006,7.5000
01/09/2006,7.5000
04/09/2006,7.5000
05/09/2006,7.5000
06/09/2006,7.5000
07/09/2006,7.5000
08/09/2006,7.5000
11/09/2006,7.5000
12/09/2006,7.5000
13/09/2006,7.5000
14/09/2006,7.5000
15/09/2006,7.5000
18/09/2006,7.5000
19/09/2006,7.5000
20/09/2006,7.5000
21/09/2006,7.5000
22/09/2006,7.5000
25/09/2006,7.5000
26/09/2006,7.5000
27/09/2006,7.5000
28/09/2006,..
29/09/2006,..
02/10/2006,7.5000
03/10/2006,7.5000
04/10/2006,7.5000
05/10/2006,7.5000
06/10/2006,7.5000
09/10/2006,7.5000
10/10/2006,7.5000
11/10/2006,7.5000
12/10/2006,7.5000
13/10/2006,7.5000
16/10/2006,7.5000
17/10/2006,7.5000
18/10/2006,7.5000
19/10/2006,7.5000
20/10/2006,7.5000
23/10/2006,7.5000
24/10/2006,..
25/10/2006,7.5000
26/10/2006,7.5000
27/10/2006,7.5000
30/10/2006,7.5000
31/10/2006,7.5000
01/11/2006,..
02/11/2006,7.5000
03/11/2006,7.5000
06/11/2006,7.5000
07/11/2006,7.5000
08/11/2006,7.5000
09/11/2006,7.5000
10/11/2006,7.5000
13/11/2006,7.5000
14/11/2006,7.5000
15/11/2006,7.5000
16/11/2006,7.5000
17/11/2006,7.5000
20/11/2006,7.5000
21/11/2006,7.5000
22/11/2006,7.5000
23/11/2006,7.5000
24/11/2006,7.5000
27/11/2006,7.5000
28/11/2006,7.5000
29/11/2006,7.5000
30/11/2006,7.5000
01/12/2006,..
04/12/2006,7.5000
05/12/2006,7.5000
06/12/2006,7.5000
07/12/2006,7.5000
08/12/2006,7.5000
11/12/2006,7.5000
12/12/2006,7.5000
13/12/2006,7.5000
14/12/2006,7.5000
15/12/2006,7.5000
18/12/2006,7.5000
19/12/2006,7.5000
20/12/2006,7.5000
21/12/2006,7.5000
22/12/2006,7.5000
25/12/2006,..
26/12/2006,..
27/12/2006,7.5000
28/12/2006,7.5000
29/12/2006,7.5000
01/01/2007,..
02/01/2007,7.5000
03/01/2007,7.5000
04/01/2007,7.5000
05/01/2007,7.5000
08/01/2007,7.5000
09/01/2007,7.5000
10/01/2007,7.5000
11/01/2007,7.5000
12/01/2007,7.5000
15/01/2007,7.5000
16/01/2007,7.5000
17/01/2007,7.5000
18/01/2007,7.5000
19/01/2007,7.5000
22/01/2007,7.5000
23/01/2007,7.5000
24/01/2007,7.5000
25/01/2007,7.5000
26/01/2007,7.5000
29/01/2007,7.5000
30/01/2007,7.5000
31/01/2007,7.5000
01/02/2007,7.5000
02/02/2007,7.5000
05/02/2007,7.5000
06/02/2007,7.5000
07/02/2007,7.5000
08/02/2007,7.5000
09/02/2007,7.5000
12/02/2007,7.5000
13/02/2007,7.5000
14/02/2007,7.5000
15/02/2007,7.5000
16/02/2007,7.5000
19/02/2007,7.5000
20/02/2007,7.5000
21/02/2007,7.5000
22/02/2007,7.5000
23/02/2007,7.5000
26/02/2007,7.5000
27/02/2007,7.5000
28/02/2007,7.5000
01/03/2007,7.5000
02/03/2007,7.5000
05/03/2007,7.5000
06/03/2007,7.5000
07/03/2007,7.5000
08/03/2007,7.5000
09/03/2007,7.5000
12/03/2007,7.5000
13/03/2007,7.5000
14/03/2007,7.5000
15/03/2007,7.5000
16/03/2007,7.5000
19/03/2007,7.5000
20/03/2007,7.5000
21/03/2007,7.5000
22/03/2007,7.5000
23/03/2007,7.5000
26/03/2007,7.5000
27/03/2007,7.5000
28/03/2007,7.5000
29/03/2007,7.5000
30/03/2007,7.5000
02/04/2007,7.5000
03/04/2007,7.5000
04/04/2007,7.5000
05/04/2007,..
06/04/2007,..
09/04/2007,..
10/04/2007,7.5000
11/04/2007,7.5000
12/04/2007,7.5000
13/04/2007,7.5000
16/04/2007,7.5000
17/04/2007,7.5000
18/04/2007,7.5000
19/04/2007,7.5000
20/04/2007,7.5000
23/04/2007,7.5000
24/04/2007,7.5000
25/04/2007,7.5000
26/04/2007,7.5000
27/04/2007,7.5000
30/04/2007,7.5000
01/05/2007,..
02/05/2007,7.5000
03/05/2007,7.5000
04/05/2007,7.5000
07/05/2007,7.5000
08/05/2007,7.5000
09/05/2007,7.5000
10/05/2007,7.5000
11/05/2007,7.5000
14/05/2007,..
15/05/2007,7.5000
16/05/2007,7.5000
17/05/2007,7.5000
18/05/2007,7.5000
21/05/2007,7.5000
22/05/2007,7.5000
23/05/2007,7.5000
24/05/2007,7.5000
25/05/2007,7.5000
28/05/2007,7.5000
29/05/2007,7.5000
30/05/2007,7.5000
31/05/2007,7.5000
01/06/2007,7.5000
04/06/2007,7.5000
05/06/2007,7.5000
06/06/2007,7.5000
07/06/2007,7.5000
08/06/2007,7.5000
11/06/2007,..
12/06/2007,7.5000
13/06/2007,7.5000
14/06/2007,7.5000
15/06/2007,7.5000
18/06/2007,7.5000
19/06/2007,7.5000
20/06/2007,7.5000
21/06/2007,7.5000
22/06/2007,7.5000
25/06/2007,7.5000
26/06/2007,7.5000
27/06/2007,7.5000
28/06/2007,7.5000
29/06/2007,7.5000
02/07/2007,7.5000
03/07/2007,7.5000
04/07/2007,7.5000
05/07/2007,7.5000
06/07/2007,7.5000
09/07/2007,7.5000
10/07/2007,7.5000
11/07/2007,7.5000
12/07/2007,7.5000
13/07/2007,6.0000
16/07/2007,6.0000
17/07/2007,6.0000
18/07/2007,6.0000
19/07/2007,6.0000
20/07/2007,6.0000
23/07/2007,6.0000
24/07/2007,6.0000
25/07/2007,6.0000
26/07/2007,6.0000
27/07/2007,6.0000
30/07/2007,6.0000
31/07/2007,6.0000
01/08/2007,6.0000
02/08/2007,6.0000
03/08/2007,6.0000
06/08/2007,6.0000
07/08/2007,6.0000
08/08/2007,6.0000
09/08/2007,6.0000
10/08/2007,6.0000
13/08/2007,6.0000
14/08/2007,6.0000
15/08/2007,6.0000
16/08/2007,6.0000
17/08/2007,6.0000
20/08/2007,..
21/08/2007,6.0000
22/08/2007,6.0000
23/08/2007,6.0000
24/08/2007,6.0000
27/08/2007,..
28/08/2007,6.0000
29/08/2007,6.0000
30/08/2007,6.0000
31/08/2007,6.0000
03/09/2007,6.0000
04/09/2007,6.0000
05/09/2007,6.0000
06/09/2007,6.0000
07/09/2007,6.0000
10/09/2007,6.0000
11/09/2007,6.0000
12/09/2007,6.0000
13/09/2007,6.0000
14/09/2007,6.0000
17/09/2007,6.0000
18/09/2007,6.0000
19/09/2007,6.0000
20/09/2007,6.0000
21/09/2007,6.0000
24/09/2007,6.0000
25/09/2007,6.0000
26/09/2007,6.0000
27/09/2007,6.0000
28/09/2007,6.0000
01/10/2007,6.0000
02/10/2007,6.0000
03/10/2007,6.0000
04/10/2007,6.0000
05/10/2007,5.7500
08/10/2007,5.7500
09/10/2007,5.7500
10/10/2007,5.7500
11/10/2007,5.7500
12/10/2007,..
15/10/2007,5.7500
16/10/2007,5.7500
17/10/2007,5.7500
18/10/2007,5.7500
19/10/2007,5.7500
22/10/2007,5.7500
23/10/2007,5.7500
24/10/2007,5.7500
25/10/2007,5.7500
26/10/2007,5.7500
29/10/2007,..
30/10/2007,5.7500
31/10/2007,5.7500
01/11/2007,..
02/11/2007,..
05/11/2007,5.7500
06/11/2007,5.7500
07/11/2007,5.7500
08/11/2007,5.7500
09/11/2007,5.7500
12/11/2007,5.7500
13/11/2007,5.7500
14/11/2007,5.7500
15/11/2007,5.7500
16/11/2007,5.5000
19/11/2007,5.5000
20/11/2007,5.5000
21/11/2007,5.5000
22/11/2007,5.5000
23/11/2007,5.5000
26/11/2007,5.5000
27/11/2007,5.5000
28/11/2007,5.5000
29/11/2007,5.5000
30/11/2007,..
03/12/2007,5.5000
04/12/2007,5.5000
05/12/2007,5.5000
06/12/2007,5.5000
07/12/2007,5.5000
10/12/2007,5.5000
11/12/2007,5.5000
12/12/2007,5.5000
13/12/2007,5.5000
14/12/2007,5.5000
17/12/2007,5.5000
18/12/2007,5.5000
19/12/2007,5.5000
20/12/2007,5.5000
21/12/2007,5.2500
24/12/2007,..
25/12/2007,..
26/12/2007,5.2500
27/12/2007,5.2500
28/12/2007,5.2500
31/12/2007,..
01/01/2008,..
02/01/2008,5.2500
03/01/2008,5.2500
04/01/2008,5.2500
07/01/2008,5.2500
08/01/2008,5.2500
09/01/2008,5.2500
10/01/2008,5.2500
11/01/2008,5.2500
14/01/2008,5.2500
15/01/2008,5.2500
16/01/2008,5.2500
17/01/2008,5.2500
18/01/2008,5.2500
21/01/2008,5.2500
22/01/2008,5.2500
23/01/2008,5.2500
24/01/2008,5.2500
25/01/2008,5.2500
28/01/2008,5.2500
29/01/2008,5.2500
30/01/2008,5.2500
31/01/2008,5.0000
01/02/2008,5.0000
04/02/2008,5.0000
05/02/2008,5.0000
06/02/2008,5.0000
07/02/2008,5.0000
08/02/2008,5.0000
11/02/2008,5.0000
12/02/2008,5.0000
13/02/2008,5.0000
14/02/2008,5.0000
15/02/2008,5.0000
18/02/2008,5.0000
19/02/2008,5.0000
20/02/2008,5.0000
21/02/2008,5.0000
22/02/2008,5.0000
25/02/2008,..
26/02/2008,5.0000
27/02/2008,5.0000
28/02/2008,5.0000
29/02/2008,5.0000
03/03/2008,5.0000
04/03/2008,5.0000
05/03/2008,5.0000
06/03/2008,5.0000
07/03/2008,5.0000
10/03/2008,5.0000
11/03/2008,5.0000
12/03/2008,5.0000
13/03/2008,5.0000
14/03/2008,5.0000
17/03/2008,5.0000
18/03/2008,5.0000
19/03/2008,5.0000
20/03/2008,..
21/03/2008,..
24/03/2008,5.0000
25/03/2008,5.0000
26/03/2008,5.0000
27/03/2008,5.0000
28/03/2008,5.0000
31/03/2008,5.0000
01/04/2008,5.0000
02/04/2008,5.0000
03/04/2008,5.0000
04/04/2008,5.0000
07/04/2008,..
08/04/2008,5.0000
09/04/2008,5.0000
10/04/2008,5.0000
11/04/2008,5.0000
14/04/2008,5.0000
15/04/2008,5.0000
16/04/2008,5.0000
17/04/2008,5.0000
18/04/2008,5.0000
21/04/2008,5.0000
22/04/2008,5.0000
23/04/2008,5.0000
24/04/2008,5.0000
25/04/2008,5.0000
28/04/2008,5.0000
29/04/2008,5.0000
30/04/2008,5.0000
01/05/2008,..
02/05/2008,5.0000
05/05/2008,5.0000
06/05/2008,5.0000
07/05/2008,5.0000
08/05/2008,5.0000
09/05/2008,5.0000
12/05/2008,5.0000
13/05/2008,5.0000
14/05/2008,5.0000
15/05/2008,5.0000
16/05/2008,5.0000
19/05/2008,5.0000
20/05/2008,5.0000
21/05/2008,5.0000
22/05/2008,5.0000
23/05/2008,5.0000
26/05/2008,5.0000
27/05/2008,5.0000
28/05/2008,5.0000
29/05/2008,5.0000
30/05/2008,5.0000
02/06/2008,5.0000
03/06/2008,5.0000
04/06/2008,5.0000
05/06/2008,5.2500
06/06/2008,5.2500
09/06/2008,..
10/06/2008,5.2500
11/06/2008,5.2500
12/06/2008,5.2500
13/06/2008,5.2500
16/06/2008,5.2500
17/06/2008,5.2500
18/06/2008,5.2500
19/06/2008,5.2500
20/06/2008,5.2500
23/06/2008,5.2500
24/06/2008,5.2500
25/06/2008,5.2500
26/06/2008,5.2500
27/06/2008,5.2500
30/06/2008,5.2500
01/07/2008,5.2500
02/07/2008,5.2500
03/07/2008,5.2500
04/07/2008,5.2500
07/07/2008,5.2500
08/07/2008,5.2500
09/07/2008,5.2500
10/07/2008,5.2500
11/07/2008,5.2500
14/07/2008,5.2500
15/07/2008,5.2500
16/07/2008,5.2500
17/07/2008,5.7500
18/07/2008,5.7500
21/07/2008,5.7500
22/07/2008,5.7500
23/07/2008,5.7500
24/07/2008,5.7500
25/07/2008,5.7500
28/07/2008,5.7500
29/07/2008,5.7500
30/07/2008,5.7500
31/07/2008,5.7500
01/08/2008,5.7500
04/08/2008,5.7500
05/08/2008,5.7500
06/08/2008,5.7500
07/08/2008,5.7500
08/08/2008,5.7500
11/08/2008,5.7500
12/08/2008,5.7500
13/08/2008,5.7500
14/08/2008,5.7500
15/08/2008,5.7500
18/08/2008,..
19/08/2008,5.7500
20/08/2008,5.7500
21/08/2008,5.7500
22/08/2008,5.7500
25/08/2008,..
26/08/2008,5.7500
27/08/2008,5.7500
28/08/2008,6.0000
29/08/2008,6.0000
01/09/2008,6.0000
02/09/2008,6.0000
03/09/2008,6.0000
04/09/2008,6.0000
05/09/2008,6.0000
08/09/2008,6.0000
09/09/2008,6.0000
10/09/2008,6.0000
11/09/2008,6.0000
12/09/2008,6.0000
15/09/2008,6.0000
16/09/2008,6.0000
17/09/2008,6.0000
18/09/2008,6.0000
19/09/2008,6.0000
22/09/2008,6.0000
23/09/2008,6.0000
24/09/2008,6.0000
25/09/2008,6.0000
26/09/2008,6.0000
29/09/2008,6.0000
30/09/2008,6.0000
01/10/2008,..
02/10/2008,6.0000
03/10/2008,6.0000
06/10/2008,6.0000
07/10/2008,6.0000
08/10/2008,6.0000
09/10/2008,6.0000
10/10/2008,6.0000
13/10/2008,6.0000
14/10/2008,6.0000
15/10/2008,6.0000
16/10/2008,6.0000
17/10/2008,6.0000
20/10/2008,6.0000
21/10/2008,6.0000
22/10/2008,6.0000
23/10/2008,6.0000
24/10/2008,6.0000
27/10/2008,6.0000
28/10/2008,6.0000
29/10/2008,6.0000
30/10/2008,6.0000
31/10/2008,6.0000
03/11/2008,6.0000
04/11/2008,6.0000
05/11/2008,6.0000
06/11/2008,6.0000
07/11/2008,6.0000
10/11/2008,6.0000
11/11/2008,6.0000
12/11/2008,6.0000
13/11/2008,6.0000
14/11/2008,6.0000
17/11/2008,6.0000
18/11/2008,6.0000
19/11/2008,6.0000
20/11/2008,6.0000
21/11/2008,6.0000
24/11/2008,6.0000
25/11/2008,6.0000
26/11/2008,6.0000
27/11/2008,6.0000
28/11/2008,6.0000
01/12/2008,..
02/12/2008,6.0000
03/12/2008,6.0000
04/12/2008,6.0000
05/12/2008,6.0000
08/12/2008,6.0000
09/12/2008,6.0000
10/12/2008,6.0000
11/12/2008,6.0000
12/12/2008,6.0000
15/12/2008,6.0000
16/12/2008,6.0000
17/12/2008,6.0000
18/12/2008,5.5000
19/12/2008,5.5000
22/12/2008,5.5000
23/12/2008,5.5000
24/12/2008,5.5000
25/12/2008,..
26/12/2008,..
29/12/2008,..
30/12/2008,..
31/12/2008,..
01/01/2009,..
02/01/2009,..
05/01/2009,5.5000
06/01/2009,5.5000
07/01/2009,5.5000
08/01/2009,5.5000
09/01/2009,5.5000
12/01/2009,5.5000
13/01/2009,5.5000
14/01/2009,5.5000
15/01/2009,5.5000
16/01/2009,5.5000
19/01/2009,5.5000
20/01/2009,5.5000
21/01/2009,5.5000
22/01/2009,5.5000
23/01/2009,5.5000
26/01/2009,5.5000
27/01/2009,5.5000
28/01/2009,5.5000
29/01/2009,5.0000
30/01/2009,5.0000
02/02/2009,5.0000
03/02/2009,5.0000
04/02/2009,5.0000
05/02/2009,5.0000
06/02/2009,5.0000
09/02/2009,5.0000
10/02/2009,5.0000
11/02/2009,5.0000
12/02/2009,5.0000
13/02/2009,5.0000
16/02/2009,5.0000
17/02/2009,5.0000
18/02/2009,5.0000
19/02/2009,5.0000
20/02/2009,5.0000
23/02/2009,5.0000
24/02/2009,5.0000
25/02/2009,5.0000
26/02/2009,5.0000
27/02/2009,5.0000
02/03/2009,5.0000
03/03/2009,5.0000
04/03/2009,5.0000
05/03/2009,4.7500
06/03/2009,4.7500
09/03/2009,4.7500
10/03/2009,4.7500
11/03/2009,4.7500
12/03/2009,4.7500
13/03/2009,4.7500
16/03/2009,4.7500
17/03/2009,4.7500
18/03/2009,4.7500
19/03/2009,4.7500
20/03/2009,4.7500
23/03/2009,4.7500
24/03/2009,4.7500
25/03/2009,4.7500
26/03/2009,4.7500
27/03/2009,4.7500
30/03/2009,4.7500
31/03/2009,4.7500
01/04/2009,4.7500
02/04/2009,4.7500
03/04/2009,4.7500
06/04/2009,..
07/04/2009,4.7500
08/04/2009,4.7500
09/04/2009,..
10/04/2009,..
13/04/2009,4.7500
14/04/2009,4.7500
15/04/2009,4.7500
16/04/2009,4.5000
17/04/2009,4.5000
20/04/2009,4.5000
21/04/2009,4.5000
22/04/2009,4.5000
23/04/2009,4.5000
24/04/2009,4.5000
27/04/2009,4.5000
28/04/2009,4.5000
29/04/2009,4.5000
30/04/2009,4.5000
01/05/2009,..
04/05/2009,4.5000
05/05/2009,4.5000
06/05/2009,4.5000
07/05/2009,4.5000
08/05/2009,4.5000
11/05/2009,4.5000
12/05/2009,4.5000
13/05/2009,4.5000
14/05/2009,4.5000
15/05/2009,4.5000
18/05/2009,4.5000
19/05/2009,4.5000
20/05/2009,4.5000
21/05/2009,4.5000
22/05/2009,4.5000
25/05/2009,4.5000
26/05/2009,4.5000
27/05/2009,4.5000
28/05/2009,4.2500
29/05/2009,4.2500
01/06/2009,4.2500
02/06/2009,4.2500
03/06/2009,4.2500
04/06/2009,4.2500
05/06/2009,4.2500
08/06/2009,4.2500
09/06/2009,4.2500
10/06/2009,4.2500
11/06/2009,4.2500
12/06/2009,..
15/06/2009,4.2500
16/06/2009,4.2500
17/06/2009,4.2500
18/06/2009,4.2500
19/06/2009,4.2500
22/06/2009,4.2500
23/06/2009,4.2500
24/06/2009,4.2500
25/06/2009,4.2500
26/06/2009,4.2500
29/06/2009,4.2500
30/06/2009,4.2500
01/07/2009,4.2500
02/07/2009,4.2500
03/07/2009,4.2500
06/07/2009,4.2500
07/07/2009,4.2500
08/07/2009,4.2500
09/07/2009,4.0000
10/07/2009,4.0000
13/07/2009,4.0000
14/07/2009,4.0000
15/07/2009,4.0000
16/07/2009,4.0000
17/07/2009,..
20/07/2009,4.0000
21/07/2009,4.0000
22/07/2009,4.0000
23/07/2009,4.0000
24/07/2009,4.0000
27/07/2009,4.0000
28/07/2009,4.0000
29/07/2009,4.0000
30/07/2009,4.0000
31/07/2009,4.0000
03/08/2009,4.0000
04/08/2009,4.0000
05/08/2009,..
06/08/2009,4.0000
07/08/2009,4.0000
10/08/2009,4.0000
11/08/2009,4.0000
12/08/2009,4.0000
13/08/2009,4.0000
14/08/2009,4.0000
17/08/2009,4.0000
18/08/2009,4.0000
19/08/2009,4.0000
20/08/2009,4.0000
21/08/2009,..
24/08/2009,4.0000
25/08/2009,4.0000
26/08/2009,4.0000
27/08/2009,4.0000
28/08/2009,4.0000
31/08/2009,..
01/09/2009,4.0000
02/09/2009,4.0000
03/09/2009,4.0000
04/09/2009,4.0000
07/09/2009,..
08/09/2009,4.0000
09/09/2009,4.0000
10/09/2009,4.0000
11/09/2009,4.0000
14/09/2009,4.0000
15/09/2009,4.0000
16/09/2009,4.0000
17/09/2009,4.0000
18/09/2009,4.0000
21/09/2009,..
22/09/2009,4.0000
23/09/2009,4.0000
24/09/2009,4.0000
25/09/2009,4.0000
28/09/2009,4.0000
29/09/2009,4.0000
30/09/2009,4.0000
01/10/2009,4.0000
02/10/2009,4.0000
05/10/2009,4.0000
06/10/2009,4.0000
07/10/2009,4.0000
08/10/2009,4.0000
09/10/2009,4.0000
12/10/2009,4.0000
13/10/2009,4.0000
14/10/2009,4.0000
15/10/2009,4.0000
16/10/2009,4.0000
19/10/2009,4.0000
20/10/2009,4.0000
21/10/2009,4.0000
22/10/2009,4.0000
23/10/2009,4.0000
26/10/2009,4.0000
27/10/2009,4.0000
28/10/2009,4.0000
29/10/2009,4.0000
30/10/2009,4.0000
02/11/2009,..
03/11/2009,4.0000
04/11/2009,4.0000
05/11/2009,4.0000
06/11/2009,4.0000
09/11/2009,4.0000
10/11/2009,4.0000
11/11/2009,4.0000
12/11/2009,4.0000
13/11/2009,4.0000
16/11/2009,4.0000
17/11/2009,4.0000
18/11/2009,4.0000
19/11/2009,4.0000
20/11/2009,4.0000
23/11/2009,4.0000
24/11/2009,4.0000
25/11/2009,4.0000
26/11/2009,4.0000
27/11/2009,4.0000
30/11/2009,..
01/12/2009,4.0000
02/12/2009,4.0000
03/12/2009,4.0000
04/12/2009,4.0000
07/12/2009,4.0000
08/12/2009,4.0000
09/12/2009,4.0000
10/12/2009,4.0000
11/12/2009,4.0000
14/12/2009,4.0000
15/12/2009,4.0000
16/12/2009,4.0000
17/12/2009,4.0000
18/12/2009,4.0000
21/12/2009,4.0000
22/12/2009,4.0000
23/12/2009,4.0000
24/12/2009,..
25/12/2009,..
28/12/2009,4.0000
29/12/2009,4.0000
30/12/2009,..
31/12/2009,..
01/01/2010,..
04/01/2010,4.0000
05/01/2010,4.0000
06/01/2010,4.0000
07/01/2010,4.0000
08/01/2010,4.0000
11/01/2010,4.0000
12/01/2010,4.0000
13/01/2010,4.0000
14/01/2010,4.0000
15/01/2010,4.0000
18/01/2010,4.0000
19/01/2010,4.0000
20/01/2010,4.0000
21/01/2010,4.0000
22/01/2010,4.0000
25/01/2010,4.0000
26/01/2010,4.0000
27/01/2010,4.0000
28/01/2010,4.0000
29/01/2010,4.0000
01/02/2010,4.0000
02/02/2010,4.0000
03/02/2010,4.0000
04/02/2010,4.0000
05/02/2010,4.0000
08/02/2010,4.0000
09/02/2010,4.0000
10/02/2010,4.0000
11/02/2010,4.0000
12/02/2010,4.0000
15/02/2010,4.0000
16/02/2010,4.0000
17/02/2010,4.0000
18/02/2010,4.0000
19/02/2010,4.0000
22/02/2010,4.0000
23/02/2010,4.0000
24/02/2010,4.0000
25/02/2010,4.0000
26/02/2010,4.0000
01/03/2010,4.0000
02/03/2010,4.0000
03/03/2010,4.0000
04/03/2010,4.0000
05/03/2010,4.0000
08/03/2010,4.0000
09/03/2010,4.0000
10/03/2010,4.0000
11/03/2010,4.0000
12/03/2010,4.0000
15/03/2010,4.0000
16/03/2010,4.0000
17/03/2010,4.0000
18/03/2010,4.0000
19/03/2010,4.0000
22/03/2010,4.0000
23/03/2010,4.0000
24/03/2010,4.0000
25/03/2010,4.0000
26/03/2010,4.0000
29/03/2010,4.0000
30/03/2010,4.0000
31/03/2010,4.0000
01/04/2010,..
02/04/2010,..
05/04/2010,4.0000
06/04/2010,4.0000
07/04/2010,4.0000
08/04/2010,4.0000
09/04/2010,..
12/04/2010,4.0000
13/04/2010,4.0000
14/04/2010,4.0000
15/04/2010,4.0000
16/04/2010,4.0000
19/04/2010,4.0000
20/04/2010,4.0000
21/04/2010,4.0000
22/04/2010,4.0000
23/04/2010,4.0000
26/04/2010,4.0000
27/04/2010,4.0000
28/04/2010,4.0000
29/04/2010,4.0000
30/04/2010,4.0000
03/05/2010,..
04/05/2010,4.0000
05/05/2010,4.0000
06/05/2010,4.0000
07/05/2010,4.0000
10/05/2010,..
11/05/2010,4.0000
12/05/2010,4.0000
13/05/2010,4.0000
14/05/2010,4.0000
17/05/2010,4.0000
18/05/2010,4.0000
19/05/2010,4.0000
20/05/2010,4.0000
21/05/2010,4.0000
24/05/2010,4.0000
25/05/2010,4.0000
26/05/2010,4.0000
27/05/2010,4.0000
28/05/2010,4.0000
31/05/2010,4.0000
01/06/2010,4.0000
02/06/2010,4.0000
03/06/2010,4.0000
04/06/2010,4.0000
07/06/2010,4.0000
08/06/2010,4.0000
09/06/2010,4.0000
10/06/2010,4.0000
11/06/2010,4.0000
14/06/2010,..
15/06/2010,4.0000
16/06/2010,4.0000
17/06/2010,4.0000
18/06/2010,4.0000
21/06/2010,4.0000
22/06/2010,4.0000
23/06/2010,4.0000
24/06/2010,4.0000
25/06/2010,4.0000
28/06/2010,4.0000
29/06/2010,4.0000
30/06/2010,..
01/07/2010,4.0000
02/07/2010,4.0000
05/07/2010,4.0000
06/07/2010,4.0000
07/07/2010,4.0000
08/07/2010,4.0000
09/07/2010,4.0000
12/07/2010,4.0000
13/07/2010,4.0000
14/07/2010,4.0000
15/07/2010,4.0000
16/07/2010,4.0000
19/07/2010,4.0000
20/07/2010,4.0000
21/07/2010,4.0000
22/07/2010,4.0000
23/07/2010,4.0000
26/07/2010,4.0000
27/07/2010,4.0000
28/07/2010,4.0000
29/07/2010,4.0000
30/07/2010,4.0000
02/08/2010,4.0000
03/08/2010,4.0000
04/08/2010,4.0000
05/08/2010,4.0000
06/08/2010,4.0000
09/08/2010,4.0000
10/08/2010,4.0000
11/08/2010,4.0000
12/08/2010,4.0000
13/08/2010,4.0000
16/08/2010,4.0000
17/08/2010,4.0000
18/08/2010,4.0000
19/08/2010,4.0000
20/08/2010,4.0000
23/08/2010,4.0000
24/08/2010,4.0000
25/08/2010,4.0000
26/08/2010,4.0000
27/08/2010,4.0000
30/08/2010,..
31/08/2010,4.0000
01/09/2010,4.0000
02/09/2010,4.0000
03/09/2010,4.0000
06/09/2010,4.0000
07/09/2010,4.0000
08/09/2010,4.0000
09/09/2010,4.0000
10/09/2010,..
13/09/2010,4.0000
14/09/2010,4.0000
15/09/2010,4.0000
16/09/2010,4.0000
17/09/2010,4.0000
20/09/2010,4.0000
21/09/2010,4.0000
22/09/2010,4.0000
23/09/2010,4.0000
24/09/2010,4.0000
27/09/2010,4.0000
28/09/2010,4.0000
29/09/2010,4.0000
30/09/2010,4.0000
01/10/2010,4.0000
04/10/2010,4.0000
05/10/2010,4.0000
06/10/2010,4.0000
07/10/2010,4.0000
08/10/2010,4.0000
11/10/2010,4.0000
12/10/2010,4.0000
13/10/2010,4.0000
14/10/2010,4.0000
15/10/2010,4.0000
18/10/2010,4.0000
19/10/2010,4.0000
20/10/2010,4.0000
21/10/2010,4.0000
22/10/2010,4.0000
25/10/2010,..
26/10/2010,4.0000
27/10/2010,4.0000
28/10/2010,4.0000
29/10/2010,4.0000
01/11/2010,..
02/11/2010,4.0000
03/11/2010,4.0000
04/11/2010,4.0000
05/11/2010,4.0000
08/11/2010,4.0000
09/11/2010,4.0000
10/11/2010,4.0000
11/11/2010,4.0000
12/11/2010,4.0000
15/11/2010,4.0000
16/11/2010,..
17/11/2010,4.0000
18/11/2010,4.0000
19/11/2010,4.0000
22/11/2010,4.0000
23/11/2010,4.0000
24/11/2010,4.0000
25/11/2010,4.0000
26/11/2010,4.0000
29/11/2010,..
30/11/2010,4.0000
01/12/2010,4.0000
02/12/2010,4.0000
03/12/2010,4.0000
06/12/2010,4.0000
07/12/2010,4.0000
08/12/2010,4.0000
09/12/2010,4.0000
10/12/2010,4.0000
13/12/2010,4.0000
14/12/2010,4.0000
15/12/2010,4.0000
16/12/2010,4.0000
17/12/2010,4.0000
20/12/2010,4.0000
21/12/2010,4.0000
22/12/2010,4.0000
23/12/2010,4.0000
24/12/2010,..
27/12/2010,..
28/12/2010,4.0000
29/12/2010,4.0000
30/12/2010,4.0000
31/12/2010,..
03/01/2011,4.0000
04/01/2011,4.0000
05/01/2011,4.0000
06/01/2011,4.0000
07/01/2011,4.0000
10/01/2011,4.0000
11/01/2011,4.0000
12/01/2011,4.0000
13/01/2011,4.0000
14/01/2011,4.0000
17/01/2011,4.0000
18/01/2011,4.0000
19/01/2011,4.0000
20/01/2011,4.0000
21/01/2011,4.0000
24/01/2011,4.0000
25/01/2011,4.0000
26/01/2011,4.0000
27/01/2011,4.0000
28/01/2011,4.0000
31/01/2011,4.0000
01/02/2011,4.0000
02/02/2011,4.0000
03/02/2011,4.0000
04/02/2011,4.0000
07/02/2011,4.0000
08/02/2011,4.0000
09/02/2011,4.0000
10/02/2011,4.0000
11/02/2011,4.0000
14/02/2011,4.0000
15/02/2011,4.0000
16/02/2011,4.0000
17/02/2011,4.0000
18/02/2011,4.0000
21/02/2011,4.0000
22/02/2011,4.0000
23/02/2011,4.0000
24/02/2011,4.0000
25/02/2011,4.0000
28/02/2011,4.0000
01/03/2011,4.0000
02/03/2011,4.0000
03/03/2011,4.0000
04/03/2011,4.0000
07/03/2011,4.0000
08/03/2011,4.0000
09/03/2011,4.0000
10/03/2011,4.0000
11/03/2011,4.0000
14/03/2011,4.0000
15/03/2011,4.0000
16/03/2011,4.0000
17/03/2011,4.0000
18/03/2011,4.0000
21/03/2011,4.0000
22/03/2011,4.0000
23/03/2011,4.0000
24/03/2011,4.2500
25/03/2011,4.2500
28/03/2011,4.2500
29/03/2011,4.2500
30/03/2011,4.2500
31/03/2011,4.2500
01/04/2011,4.2500
04/04/2011,4.2500
05/04/2011,4.2500
06/04/2011,4.2500
07/04/2011,4.2500
08/04/2011,4.2500
11/04/2011,4.2500
12/04/2011,4.2500
13/04/2011,4.2500
14/04/2011,4.2500
15/04/2011,4.2500
18/04/2011,4.2500
19/04/2011,4.2500
20/04/2011,4.2500
21/04/2011,..
22/04/2011,..
25/04/2011,4.2500
26/04/2011,4.2500
27/04/2011,4.2500
28/04/2011,4.2500
29/04/2011,4.2500
02/05/2011,4.2500
03/05/2011,4.2500
04/05/2011,4.2500
05/05/2011,4.5000
06/05/2011,4.5000
09/05/2011,4.5000
10/05/2011,4.5000
11/05/2011,4.5000
12/05/2011,4.5000
13/05/2011,4.5000
16/05/2011,4.5000
17/05/2011,4.5000
18/05/2011,4.5000
19/05/2011,4.5000
20/05/2011,4.5000
23/05/2011,4.5000
24/05/2011,4.5000
25/05/2011,4.5000
26/05/2011,4.5000
27/05/2011,4.5000
30/05/2011,4.5000
31/05/2011,4.5000
01/06/2011,4.5000
02/06/2011,4.5000
03/06/2011,4.5000
06/06/2011,4.5000
07/06/2011,4.5000
08/06/2011,4.5000
09/06/2011,4.5000
10/06/2011,4.5000
13/06/2011,4.5000
14/06/2011,4.5000
15/06/2011,4.5000
16/06/2011,4.5000
17/06/2011,4.5000
20/06/2011,..
21/06/2011,4.5000
22/06/2011,4.5000
23/06/2011,4.5000
24/06/2011,4.5000
27/06/2011,4.5000
28/06/2011,4.5000
29/06/2011,4.5000
30/06/2011,4.5000
01/07/2011,4.5000
04/07/2011,4.5000
05/07/2011,4.5000
06/07/2011,4.5000
07/07/2011,4.5000
08/07/2011,4.5000
11/07/2011,4.5000
12/07/2011,4.5000
13/07/2011,4.5000
14/07/2011,4.5000
15/07/2011,4.5000
18/07/2011,4.5000
19/07/2011,4.5000
20/07/2011,4.5000
21/07/2011,4.5000
22/07/2011,4.5000
25/07/2011,4.5000
26/07/2011,4.5000
27/07/2011,4.5000
28/07/2011,4.5000
29/07/2011,4.5000
01/08/2011,4.5000
02/08/2011,4.5000
03/08/2011,4.5000
04/08/2011,4.5000
05/08/2011,4.5000
08/08/2011,4.5000
09/08/2011,4.5000
10/08/2011,4.5000
11/08/2011,4.5000
12/08/2011,4.5000
15/08/2011,4.5000
16/08/2011,4.5000
17/08/2011,4.5000
18/08/2011,4.5000
19/08/2011,4.5000
22/08/2011,4.5000
23/08/2011,4.5000
24/08/2011,4.5000
25/08/2011,4.5000
26/08/2011,4.5000
29/08/2011,..
30/08/2011,..
31/08/2011,4.5000
01/09/2011,4.5000
02/09/2011,4.5000
05/09/2011,4.5000
06/09/2011,4.5000
07/09/2011,4.5000
08/09/2011,4.5000
09/09/2011,4.5000
12/09/2011,4.5000
13/09/2011,4.5000
14/09/2011,4.5000
15/09/2011,4.5000
16/09/2011,4.5000
19/09/2011,4.5000
20/09/2011,4.5000
21/09/2011,4.5000
22/09/2011,4.5000
23/09/2011,4.5000
26/09/2011,4.5000
27/09/2011,..
28/09/2011,4.5000
29/09/2011,4.5000
30/09/2011,4.5000
03/10/2011,4.5000
04/10/2011,4.5000
05/10/2011,4.5000
06/10/2011,4.5000
07/10/2011,4.5000
10/10/2011,4.5000
11/10/2011,4.5000
12/10/2011,4.5000
13/10/2011,4.5000
14/10/2011,4.5000
17/10/2011,4.5000
18/10/2011,4.5000
19/10/2011,4.5000
20/10/2011,4.5000
21/10/2011,4.5000
24/10/2011,4.5000
25/10/2011,4.5000
26/10/2011,4.5000
27/10/2011,4.5000
28/10/2011,4.5000
31/10/2011,..
01/11/2011,..
02/11/2011,4.5000
03/11/2011,4.5000
04/11/2011,4.5000
07/11/2011,..
08/11/2011,4.5000
09/11/2011,4.5000
10/11/2011,4.5000
11/11/2011,4.5000
14/11/2011,4.5000
15/11/2011,4.5000
16/11/2011,4.5000
17/11/2011,4.5000
18/11/2011,4.5000
21/11/2011,4.5000
22/11/2011,4.5000
23/11/2011,4.5000
24/11/2011,4.5000
25/11/2011,4.5000
28/11/2011,4.5000
29/11/2011,4.5000
30/11/2011,..
01/12/2011,4.5000
02/12/2011,4.5000
05/12/2011,4.5000
06/12/2011,4.5000
07/12/2011,4.5000
08/12/2011,4.5000
09/12/2011,4.5000
12/12/2011,4.5000
13/12/2011,4.5000
14/12/2011,4.5000
15/12/2011,4.5000
16/12/2011,4.5000
19/12/2011,4.5000
20/12/2011,4.5000
21/12/2011,4.5000
22/12/2011,4.5000
23/12/2011,4.5000
26/12/2011,4.5000
27/12/2011,4.5000
28/12/2011,4.5000
29/12/2011,4.5000
30/12/2011,..
02/01/2012,4.5000
03/01/2012,4.5000
04/01/2012,4.5000
05/01/2012,4.5000
06/01/2012,4.5000
09/01/2012,4.5000
10/01/2012,4.5000
11/01/2012,4.5000
12/01/2012,4.5000
13/01/2012,4.5000
16/01/2012,4.5000
17/01/2012,4.5000
18/01/2012,4.5000
19/01/2012,4.2500
20/01/2012,4.2500
23/01/2012,..
24/01/2012,4.2500
25/01/2012,4.2500
26/01/2012,4.2500
27/01/2012,4.2500
30/01/2012,4.2500
31/01/2012,4.2500
01/02/2012,4.2500
02/02/2012,4.2500
03/02/2012,4.2500
06/02/2012,4.2500
07/02/2012,4.2500
08/02/2012,4.2500
09/02/2012,4.2500
10/02/2012,4.2500
13/02/2012,4.2500
14/02/2012,4.2500
15/02/2012,4.2500
16/02/2012,4.2500
17/02/2012,4.2500
20/02/2012,4.2500
21/02/2012,4.2500
22/02/2012,4.2500
23/02/2012,4.2500
24/02/2012,4.2500
27/02/2012,4.2500
28/02/2012,4.2500
29/02/2012,4.2500
01/03/2012,4.0000
02/03/2012,4.0000
05/03/2012,4.0000
06/03/2012,4.0000
07/03/2012,4.0000
08/03/2012,4.0000
09/03/2012,4.0000
12/03/2012,4.0000
13/03/2012,4.0000
14/03/2012,4.0000
15/03/2012,4.0000
16/03/2012,4.0000
19/03/2012,4.0000
20/03/2012,4.0000
21/03/2012,4.0000
22/03/2012,4.0000
23/03/2012,4.0000
26/03/2012,4.0000
27/03/2012,4.0000
28/03/2012,4.0000
29/03/2012,4.0000
30/03/2012,4.0000
02/04/2012,4.0000
03/04/2012,4.0000
04/04/2012,4.0000
05/04/2012,..
06/04/2012,..
09/04/2012,..
10/04/2012,4.0000
11/04/2012,4.0000
12/04/2012,4.0000
13/04/2012,4.0000
16/04/2012,4.0000
17/04/2012,4.0000
18/04/2012,4.0000
19/04/2012,4.0000
20/04/2012,4.0000
23/04/2012,4.0000
24/04/2012,4.0000
25/04/2012,4.0000
26/04/2012,4.0000
27/04/2012,4.0000
30/04/2012,4.0000
01/05/2012,..
02/05/2012,4.0000
03/05/2012,4.0000
04/05/2012,4.0000
07/05/2012,4.0000
08/05/2012,4.0000
09/05/2012,4.0000
10/05/2012,4.0000
11/05/2012,4.0000
14/05/2012,4.0000
15/05/2012,4.0000
16/05/2012,4.0000
17/05/2012,4.0000
18/05/2012,4.0000
21/05/2012,4.0000
22/05/2012,4.0000
23/05/2012,4.0000
24/05/2012,4.0000
25/05/2012,4.0000
28/05/2012,4.0000
29/05/2012,4.0000
30/05/2012,4.0000
31/05/2012,4.0000
01/06/2012,4.0000
04/06/2012,4.0000
05/06/2012,4.0000
06/06/2012,4.0000
07/06/2012,4.0000
08/06/2012,4.0000
11/06/2012,4.0000
12/06/2012,..
13/06/2012,4.0000
14/06/2012,4.0000
15/06/2012,4.0000
18/06/2012,4.0000
19/06/2012,4.0000
20/06/2012,4.0000
21/06/2012,4.0000
22/06/2012,4.0000
25/06/2012,4.0000
26/06/2012,4.0000
27/06/2012,4.0000
28/06/2012,4.0000
29/06/2012,4.0000
02/07/2012,4.0000
03/07/2012,4.0000
04/07/2012,4.0000
05/07/2012,4.0000
06/07/2012,4.0000
09/07/2012,4.0000
10/07/2012,4.0000
11/07/2012,4.0000
12/07/2012,4.0000
13/07/2012,4.0000
16/07/2012,4.0000
17/07/2012,4.0000
18/07/2012,4.0000
19/07/2012,4.0000
20/07/2012,4.0000
23/07/2012,4.0000
24/07/2012,4.0000
25/07/2012,4.0000
26/07/2012,3.7500
27/07/2012,3.7500
30/07/2012,3.7500
31/07/2012,3.7500
01/08/2012,3.7500
02/08/2012,3.7500
03/08/2012,3.7500
06/08/2012,3.7500
07/08/2012,..
08/08/2012,3.7500
09/08/2012,3.7500
10/08/2012,3.7500
13/08/2012,3.7500
14/08/2012,3.7500
15/08/2012,3.7500
16/08/2012,3.7500
17/08/2012,3.7500
20/08/2012,..
21/08/2012,..
22/08/2012,3.7500
23/08/2012,3.7500
24/08/2012,3.7500
27/08/2012,..
28/08/2012,3.7500
29/08/2012,3.7500
30/08/2012,3.7500
31/08/2012,3.7500
03/09/2012,3.7500
04/09/2012,3.7500
05/09/2012,3.7500
06/09/2012,3.7500
07/09/2012,3.7500
10/09/2012,3.7500
11/09/2012,3.7500
12/09/2012,3.7500
13/09/2012,3.7500
14/09/2012,3.7500
17/09/2012,3.7500
18/09/2012,3.7500
19/09/2012,3.7500
20/09/2012,3.7500
21/09/2012,3.7500
24/09/2012,3.7500
25/09/2012,3.7500
26/09/2012,3.7500
27/09/2012,3.7500
28/09/2012,3.7500
01/10/2012,3.7500
02/10/2012,3.7500
03/10/2012,3.7500
04/10/2012,3.7500
05/10/2012,3.7500
08/10/2012,3.7500
09/10/2012,3.7500
10/10/2012,3.7500
11/10/2012,3.7500
12/10/2012,3.7500
15/10/2012,3.7500
16/10/2012,3.7500
17/10/2012,3.7500
18/10/2012,3.7500
19/10/2012,3.7500
22/10/2012,3.7500
23/10/2012,3.7500
24/10/2012,3.7500
25/10/2012,3.5000
26/10/2012,..
29/10/2012,3.5000
30/10/2012,3.5000
31/10/2012,3.5000
01/11/2012,..
02/11/2012,..
05/11/2012,3.5000
06/11/2012,3.5000
07/11/2012,3.5000
08/11/2012,3.5000
09/11/2012,3.5000
12/11/2012,3.5000
13/11/2012,3.5000
14/11/2012,3.5000
15/11/2012,3.5000
16/11/2012,3.5000
19/11/2012,3.5000
20/11/2012,3.5000
21/11/2012,3.5000
22/11/2012,3.5000
23/11/2012,3.5000
26/11/2012,3.5000
27/11/2012,3.5000
28/11/2012,3.5000
29/11/2012,3.5000
30/11/2012,..
03/12/2012,3.5000
04/12/2012,3.5000
05/12/2012,3.5000
06/12/2012,3.5000
07/12/2012,3.5000
10/12/2012,3.5000
11/12/2012,3.5000
12/12/2012,3.5000
13/12/2012,3.5000
14/12/2012,3.5000
17/12/2012,3.5000
18/12/2012,3.5000
19/12/2012,3.5000
20/12/2012,3.5000
21/12/2012,3.5000
24/12/2012,..
25/12/2012,..
26/12/2012,3.5000
27/12/2012,3.5000
28/12/2012,3.5000
31/12/2012,..
01/01/2013,..
02/01/2013,3.5000
03/01/2013,3.5000
04/01/2013,3.5000
07/01/2013,3.5000
08/01/2013,3.5000
09/01/2013,3.5000
10/01/2013,3.5000
11/01/2013,3.5000
14/01/2013,3.5000
15/01/2013,3.5000
16/01/2013,3.5000
17/01/2013,3.5000
18/01/2013,3.5000
21/01/2013,3.5000
22/01/2013,3.5000
23/01/2013,3.5000
24/01/2013,3.5000
25/01/2013,3.5000
28/01/2013,3.5000
29/01/2013,3.5000
30/01/2013,3.5000
31/01/2013,3.5000
01/02/2013,3.5000
04/02/2013,3.5000
05/02/2013,3.5000
06/02/2013,3.5000
07/02/2013,3.5000
08/02/2013,3.5000
11/02/2013,3.5000
12/02/2013,3.5000
13/02/2013,3.5000
14/02/2013,3.5000
15/02/2013,3.5000
18/02/2013,3.5000
19/02/2013,3.5000
20/02/2013,3.5000
21/02/2013,3.5000
22/02/2013,3.5000
25/02/2013,3.5000
26/02/2013,3.5000
27/02/2013,3.5000
28/02/2013,3.5000
01/03/2013,3.5000
04/03/2013,3.5000
05/03/2013,3.5000
06/03/2013,3.5000
07/03/2013,3.5000
08/03/2013,3.5000
11/03/2013,3.5000
12/03/2013,3.5000
13/03/2013,3.5000
14/03/2013,3.5000
15/03/2013,3.5000
18/03/2013,3.5000
19/03/2013,3.5000
20/03/2013,3.5000
21/03/2013,3.5000
22/03/2013,3.5000
25/03/2013,3.5000
26/03/2013,3.5000
27/03/2013,3.5000
28/03/2013,..
29/03/2013,..
01/04/2013,3.5000
02/04/2013,3.5000
03/04/2013,3.5000
04/04/2013,3.5000
05/04/2013,3.5000
08/04/2013,3.5000
09/04/2013,..
10/04/2013,3.5000
11/04/2013,3.5000
12/04/2013,3.5000
15/04/2013,3.5000
16/04/2013,3.5000
17/04/2013,3.5000
18/04/2013,3.5000
19/04/2013,3.5000
22/04/2013,3.5000
23/04/2013,3.5000
24/04/2013,3.5000
25/04/2013,3.5000
26/04/2013,3.5000
29/04/2013,3.5000
30/04/2013,3.5000
01/05/2013,..
02/05/2013,3.5000
03/05/2013,3.5000
06/05/2013,3.5000
07/05/2013,3.5000
08/05/2013,3.5000
09/05/2013,3.5000
10/05/2013,3.5000
13/05/2013,..
14/05/2013,3.5000
15/05/2013,3.5000
16/05/2013,3.5000
17/05/2013,3.5000
20/05/2013,3.5000
21/05/2013,3.5000
22/05/2013,3.5000
23/05/2013,3.5000
24/05/2013,3.5000
27/05/2013,3.5000
28/05/2013,3.5000
29/05/2013,3.5000
30/05/2013,3.5000
31/05/2013,3.5000
03/06/2013,3.5000
04/06/2013,3.5000
05/06/2013,3.5000
06/06/2013,3.5000
07/06/2013,3.5000
10/06/2013,3.5000
11/06/2013,3.5000
12/06/2013,..
13/06/2013,3.5000
14/06/2013,3.5000
17/06/2013,3.5000
18/06/2013,3.5000
19/06/2013,3.5000
20/06/2013,3.5000
21/06/2013,3.5000
24/06/2013,3.5000
25/06/2013,3.5000
26/06/2013,3.5000
27/06/2013,3.5000
28/06/2013,3.5000
01/07/2013,3.5000
02/07/2013,3.5000
03/07/2013,3.5000
04/07/2013,3.5000
05/07/2013,3.5000
08/07/2013,3.5000
09/07/2013,3.5000
10/07/2013,3.5000
11/07/2013,3.5000
12/07/2013,3.5000
15/07/2013,3.5000
16/07/2013,3.5000
17/07/2013,3.5000
18/07/2013,3.5000
19/07/2013,3.5000
22/07/2013,3.5000
23/07/2013,3.5000
24/07/2013,3.5000
25/07/2013,3.5000
26/07/2013,3.5000
29/07/2013,3.5000
30/07/2013,3.5000
31/07/2013,3.5000
01/08/2013,3.5000
02/08/2013,3.5000
05/08/2013,3.5000
06/08/2013,3.5000
07/08/2013,3.5000
08/08/2013,3.5000
09/08/2013,..
12/08/2013,3.5000
13/08/2013,3.5000
14/08/2013,3.5000
15/08/2013,3.5000
16/08/2013,3.5000
19/08/2013,..
20/08/2013,..
21/08/2013,..
22/08/2013,3.5000
23/08/2013,3.5000
26/08/2013,..
27/08/2013,3.5000
28/08/2013,3.5000
29/08/2013,3.5000
30/08/2013,3.5000
02/09/2013,3.5000
03/09/2013,3.5000
04/09/2013,3.5000
05/09/2013,3.5000
06/09/2013,3.5000
09/09/2013,3.5000
10/09/2013,3.5000
11/09/2013,3.5000
12/09/2013,3.5000
13/09/2013,3.5000
16/09/2013,3.5000
17/09/2013,3.5000
18/09/2013,3.5000
19/09/2013,3.5000
20/09/2013,3.5000
23/09/2013,3.5000
24/09/2013,3.5000
25/09/2013,3.5000
26/09/2013,3.5000
27/09/2013,3.5000
30/09/2013,3.5000
01/10/2013,3.5000
02/10/2013,3.5000
03/10/2013,3.5000
04/10/2013,3.5000
07/10/2013,3.5000
08/10/2013,3.5000
09/10/2013,3.5000
10/10/2013,3.5000
11/10/2013,3.5000
14/10/2013,3.5000
15/10/2013,..
16/10/2013,3.5000
17/10/2013,3.5000
18/10/2013,3.5000
21/10/2013,3.5000
22/10/2013,3.5000
23/10/2013,3.5000
24/10/2013,3.5000
25/10/2013,3.5000
28/10/2013,..
29/10/2013,3.5000
30/10/2013,3.5000
31/10/2013,3.5000
01/11/2013,..
04/11/2013,3.5000
05/11/2013,3.5000
06/11/2013,3.5000
07/11/2013,3.5000
08/11/2013,3.5000
11/11/2013,3.5000
12/11/2013,3.5000
13/11/2013,3.5000
14/11/2013,3.5000
15/11/2013,3.5000
18/11/2013,3.5000
19/11/2013,3.5000
20/11/2013,3.5000
21/11/2013,3.5000
22/11/2013,3.5000
25/11/2013,3.5000
26/11/2013,3.5000
27/11/2013,3.5000
28/11/2013,3.5000
29/11/2013,3.5000
02/12/2013,3.5000
03/12/2013,3.5000
04/12/2013,3.5000
05/12/2013,3.5000
06/12/2013,3.5000
09/12/2013,3.5000
10/12/2013,3.5000
11/12/2013,3.5000
12/12/2013,3.5000
13/12/2013,3.5000
16/12/2013,3.5000
17/12/2013,3.5000
18/12/2013,3.5000
19/12/2013,3.5000
20/12/2013,3.5000
23/12/2013,3.5000
24/12/2013,..
25/12/2013,..
26/12/2013,3.5000
27/12/2013,3.5000
30/12/2013,..
31/12/2013,..
01/01/2014,..
02/01/2014,3.5000
03/01/2014,3.5000
06/01/2014,3.5000
07/01/2014,3.5000
08/01/2014,3.5000
09/01/2014,3.5000
10/01/2014,3.5000
13/01/2014,3.5000
14/01/2014,3.5000
15/01/2014,3.5000
16/01/2014,3.5000
17/01/2014,3.5000
20/01/2014,3.5000
21/01/2014,3.5000
22/01/2014,3.5000
23/01/2014,3.5000
24/01/2014,3.5000
27/01/2014,3.5000
28/01/2014,3.5000
29/01/2014,3.5000
30/01/2014,3.5000
31/01/2014,..
03/02/2014,3.5000
04/02/2014,3.5000
05/02/2014,3.5000
06/02/2014,3.5000
07/02/2014,3.5000
10/02/2014,3.5000
11/02/2014,3.5000
12/02/2014,3.5000
13/02/2014,3.5000
14/02/2014,3.5000
17/02/2014,3.5000
18/02/2014,3.5000
19/02/2014,3.5000
20/02/2014,3.5000
21/02/2014,3.5000
24/02/2014,3.5000
25/02/2014,3.5000
26/02/2014,3.5000
27/02/2014,3.5000
28/02/2014,3.5000
03/03/2014,3.5000
04/03/2014,3.5000
05/03/2014,3.5000
06/03/2014,3.5000
07/03/2014,3.5000
10/03/2014,3.5000
11/03/2014,3.5000
12/03/2014,3.5000
13/03/2014,3.5000
14/03/2014,3.5000
17/03/2014,3.5000
18/03/2014,3.5000
19/03/2014,3.5000
20/03/2014,3.5000
21/03/2014,3.5000
24/03/2014,3.5000
25/03/2014,3.5000
26/03/2014,3.5000
27/03/2014,3.5000
28/03/2014,3.5000
31/03/2014,3.5000
01/04/2014,3.5000
02/04/2014,3.5000
03/04/2014,3.5000
04/04/2014,3.5000
07/04/2014,3.5000
08/04/2014,3.5000
09/04/2014,..
10/04/2014,3.5000
11/04/2014,3.5000
14/04/2014,3.5000
15/04/2014,3.5000
16/04/2014,3.5000
17/04/2014,..
18/04/2014,..
21/04/2014,3.5000
22/04/2014,3.5000
23/04/2014,3.5000
24/04/2014,3.5000
25/04/2014,3.5000
28/04/2014,3.5000
29/04/2014,3.5000
30/04/2014,3.5000
01/05/2014,..
02/05/2014,3.5000
05/05/2014,3.5000
06/05/2014,3.5000
07/05/2014,3.5000
08/05/2014,3.5000
09/05/2014,3.5000
12/05/2014,3.5000
13/05/2014,3.5000
14/05/2014,3.5000
15/05/2014,3.5000
16/05/2014,3.5000
19/05/2014,3.5000
20/05/2014,3.5000
21/05/2014,3.5000
22/05/2014,3.5000
23/05/2014,3.5000
26/05/2014,3.5000
27/05/2014,3.5000
28/05/2014,3.5000
29/05/2014,3.5000
30/05/2014,3.5000
02/06/2014,3.5000
03/06/2014,3.5000
04/06/2014,3.5000
05/06/2014,3.5000
06/06/2014,3.5000
09/06/2014,3.5000
10/06/2014,3.5000
11/06/2014,3.5000
12/06/2014,..
13/06/2014,3.5000
16/06/2014,3.5000
17/06/2014,3.5000
18/06/2014,3.5000
19/06/2014,3.5000
20/06/2014,3.5000
23/06/2014,3.5000
24/06/2014,3.5000
25/06/2014,3.5000
26/06/2014,3.5000
27/06/2014,3.5000
30/06/2014,3.5000
01/07/2014,3.5000
02/07/2014,3.5000
03/07/2014,3.5000
04/07/2014,3.5000
07/07/2014,3.5000
08/07/2014,3.5000
09/07/2014,3.5000
10/07/2014,3.5000
11/07/2014,3.5000
14/07/2014,3.5000
15/07/2014,3.5000
16/07/2014,..
17/07/2014,3.5000
18/07/2014,3.5000
21/07/2014,3.5000
22/07/2014,3.5000
23/07/2014,3.5000
24/07/2014,3.5000
25/07/2014,3.5000
28/07/2014,3.5000
29/07/2014,..
30/07/2014,3.5000
31/07/2014,3.7500
01/08/2014,3.7500
04/08/2014,3.7500
05/08/2014,3.7500
06/08/2014,3.7500
07/08/2014,3.7500
08/08/2014,3.7500
11/08/2014,3.7500
12/08/2014,3.7500
13/08/2014,3.7500
14/08/2014,3.7500
15/08/2014,3.7500
18/08/2014,3.7500
19/08/2014,3.7500
20/08/2014,3.7500
21/08/2014,..
22/08/2014,3.7500
25/08/2014,..
26/08/2014,3.7500
27/08/2014,3.7500
28/08/2014,3.7500
29/08/2014,3.7500
01/09/2014,3.7500
02/09/2014,3.7500
03/09/2014,3.7500
04/09/2014,3.7500
05/09/2014,3.7500
08/09/2014,3.7500
09/09/2014,3.7500
10/09/2014,3.7500
11/09/2014,4.0000
12/09/2014,4.0000
15/09/2014,4.0000
16/09/2014,4.0000
17/09/2014,4.0000
18/09/2014,4.0000
19/09/2014,..
22/09/2014,4.0000
23/09/2014,4.0000
24/09/2014,4.0000
25/09/2014,4.0000
26/09/2014,4.0000
29/09/2014,4.0000
30/09/2014,4.0000
01/10/2014,4.0000
02/10/2014,4.0000
03/10/2014,4.0000
06/10/2014,..
07/10/2014,4.0000
08/10/2014,4.0000
09/10/2014,4.0000
10/10/2014,4.0000
13/10/2014,4.0000
14/10/2014,4.0000
15/10/2014,4.0000
16/10/2014,4.0000
17/10/2014,4.0000
20/10/2014,4.0000
21/10/2014,4.0000
22/10/2014,4.0000
23/10/2014,4.0000
24/10/2014,4.0000
27/10/2014,4.0000
28/10/2014,4.0000
29/10/2014,4.0000
30/10/2014,4.0000
31/10/2014,4.0000
03/11/2014,4.0000
04/11/2014,4.0000
05/11/2014,4.0000
06/11/2014,4.0000
07/11/2014,4.0000
10/11/2014,4.0000
11/11/2014,4.0000
12/11/2014,4.0000
13/11/2014,4.0000
14/11/2014,4.0000
17/11/2014,4.0000
18/11/2014,4.0000
19/11/2014,4.0000
20/11/2014,4.0000
21/11/2014,4.0000
24/11/2014,4.0000
25/11/2014,4.0000
26/11/2014,4.0000
27/11/2014,4.0000
28/11/2014,4.0000
01/12/2014,4.0000
02/12/2014,4.0000
03/12/2014,4.0000
04/12/2014,4.0000
05/12/2014,4.0000
08/12/2014,..
09/12/2014,4.0000
10/12/2014,4.0000
11/12/2014,4.0000
12/12/2014,4.0000
15/12/2014,4.0000
16/12/2014,4.0000
17/12/2014,4.0000
18/12/2014,4.0000
19/12/2014,4.0000
22/12/2014,4.0000
23/12/2014,4.0000
24/12/2014,..
25/12/2014,..
26/12/2014,..
29/12/2014,4.0000
30/12/2014,..
31/12/2014,..
01/01/2015,..
02/01/2015,..
05/01/2015,4.0000
06/01/2015,4.0000
07/01/2015,4.0000
08/01/2015,4.0000
09/01/2015,4.0000
12/01/2015,4.0000
13/01/2015,4.0000
14/01/2015,4.0000
15/01/2015,..
16/01/2015,..
19/01/2015,..
20/01/2015,4.0000
21/01/2015,4.0000
22/01/2015,4.0000
23/01/2015,4.0000
26/01/2015,4.0000
27/01/2015,4.0000
28/01/2015,4.0000
29/01/2015,4.0000
30/01/2015,4.0000
02/02/2015,4.0000
03/02/2015,4.0000
04/02/2015,4.0000
05/02/2015,4.0000
06/02/2015,4.0000
09/02/2015,4.0000
10/02/2015,4.0000
11/02/2015,4.0000
12/02/2015,4.0000
13/02/2015,4.0000
16/02/2015,4.0000
17/02/2015,4.0000
18/02/2015,4.0000
19/02/2015,..
20/02/2015,4.0000
23/02/2015,4.0000
24/02/2015,4.0000
25/02/2015,4.0000
26/02/2015,4.0000
27/02/2015,4.0000
02/03/2015,4.0000
03/03/2015,4.0000
04/03/2015,4.0000
05/03/2015,4.0000
06/03/2015,4.0000
09/03/2015,4.0000
10/03/2015,4.0000
11/03/2015,4.0000
12/03/2015,4.0000
13/03/2015,4.0000
16/03/2015,4.0000
17/03/2015,4.0000
18/03/2015,4.0000
19/03/2015,4.0000
20/03/2015,4.0000
23/03/2015,4.0000
24/03/2015,4.0000
25/03/2015,4.0000
26/03/2015,4.0000
27/03/2015,4.0000
30/03/2015,4.0000
31/03/2015,4.0000
01/04/2015,4.0000
02/04/2015,..
03/04/2015,..
06/04/2015,4.0000
07/04/2015,4.0000
08/04/2015,4.0000
09/04/2015,..
10/04/2015,4.0000
13/04/2015,4.0000
14/04/2015,4.0000
15/04/2015,4.0000
16/04/2015,4.0000
17/04/2015,4.0000
20/04/2015,4.0000
21/04/2015,4.0000
22/04/2015,4.0000
23/04/2015,4.0000
24/04/2015,4.0000
27/04/2015,4.0000
28/04/2015,4.0000
29/04/2015,4.0000
30/04/2015,4.0000
01/05/2015,..
04/05/2015,4.0000
05/05/2015,4.0000
06/05/2015,4.0000
07/05/2015,4.0000
08/05/2015,4.0000
11/05/2015,4.0000
12/05/2015,4.0000
13/05/2015,4.0000
14/05/2015,4.0000
15/05/2015,4.0000
18/05/2015,4.0000
19/05/2015,4.0000
20/05/2015,4.0000
21/05/2015,4.0000
22/05/2015,4.0000
25/05/2015,4.0000
26/05/2015,4.0000
27/05/2015,4.0000
28/05/2015,4.0000
29/05/2015,4.0000
01/06/2015,4.0000
02/06/2015,4.0000
03/06/2015,4.0000
04/06/2015,4.0000
05/06/2015,4.0000
08/06/2015,4.0000
09/06/2015,4.0000
10/06/2015,4.0000
11/06/2015,4.0000
12/06/2015,..
15/06/2015,4.0000
16/06/2015,4.0000
17/06/2015,4.0000
18/06/2015,4.0000
19/06/2015,4.0000
22/06/2015,4.0000
23/06/2015,4.0000
24/06/2015,4.0000
25/06/2015,4.0000
26/06/2015,4.0000
29/06/2015,4.0000
30/06/2015,4.0000
01/07/2015,4.0000
02/07/2015,4.0000
03/07/2015,4.0000
06/07/2015,4.0000
07/07/2015,4.0000
08/07/2015,4.0000
09/07/2015,4.0000
10/07/2015,4.0000
13/07/2015,4.0000
14/07/2015,4.0000
15/07/2015,4.0000
16/07/2015,4.0000
17/07/2015,..
20/07/2015,4.0000
21/07/2015,4.0000
22/07/2015,4.0000
23/07/2015,4.0000
24/07/2015,4.0000
27/07/2015,4.0000
28/07/2015,4.0000
29/07/2015,4.0000
30/07/2015,4.0000
31/07/2015,4.0000
03/08/2015,4.0000
04/08/2015,4.0000
05/08/2015,4.0000
06/08/2015,4.0000
07/08/2015,4.0000
10/08/2015,4.0000
11/08/2015,4.0000
12/08/2015,4.0000
13/08/2015,4.0000
14/08/2015,4.0000
17/08/2015,4.0000
18/08/2015,4.0000
19/08/2015,4.0000
20/08/2015,4.0000
21/08/2015,..
24/08/2015,4.0000
25/08/2015,4.0000
26/08/2015,4.0000
27/08/2015,4.0000
28/08/2015,4.0000
31/08/2015,..
01/09/2015,4.0000
02/09/2015,4.0000
03/09/2015,4.0000
04/09/2015,4.0000
07/09/2015,4.0000
08/09/2015,4.0000
09/09/2015,4.0000
10/09/2015,4.0000
11/09/2015,4.0000
14/09/2015,4.0000
15/09/2015,4.0000
16/09/2015,4.0000
17/09/2015,4.0000
18/09/2015,4.0000
21/09/2015,4.0000
22/09/2015,4.0000
23/09/2015,4.0000
24/09/2015,4.0000
25/09/2015,..
28/09/2015,4.0000
29/09/2015,4.0000
30/09/2015,4.0000
01/10/2015,4.0000
02/10/2015,4.0000
05/10/2015,4.0000
06/10/2015,4.0000
07/10/2015,4.0000
08/10/2015,4.0000
09/10/2015,4.0000
12/10/2015,4.0000
13/10/2015,4.0000
14/10/2015,4.0000
15/10/2015,4.0000
16/10/2015,4.0000
19/10/2015,4.0000
20/10/2015,4.0000
21/10/2015,4.0000
22/10/2015,4.0000
23/10/2015,4.0000
26/10/2015,4.0000
27/10/2015,4.0000
28/10/2015,4.0000
29/10/2015,4.0000
30/10/2015,4.0000
02/11/2015,4.0000
03/11/2015,4.0000
04/11/2015,4.0000
05/11/2015,4.0000
06/11/2015,4.0000
09/11/2015,4.0000
10/11/2015,4.0000
11/11/2015,4.0000
12/11/2015,4.0000
13/11/2015,4.0000
16/11/2015,4.0000
17/11/2015,..
18/11/2015,..
19/11/2015,..
20/11/2015,..
23/11/2015,4.0000
24/11/2015,4.0000
25/11/2015,4.0000
26/11/2015,4.0000
27/11/2015,4.0000
30/11/2015,..
01/12/2015,4.0000
02/12/2015,4.0000
03/12/2015,4.0000
04/12/2015,4.0000
07/12/2015,4.0000
08/12/2015,4.0000
09/12/2015,4.0000
10/12/2015,4.0000
11/12/2015,4.0000
14/12/2015,4.0000
15/12/2015,4.0000
16/12/2015,4.0000
17/12/2015,4.0000
18/12/2015,4.0000
21/12/2015,4.0000
22/12/2015,4.0000
23/12/2015,4.0000
24/12/2015,..
25/12/2015,..
28/12/2015,4.0000
29/12/2015,4.0000
30/12/2015,..
31/12/2015,..
01/01/2016,..
04/01/2016,4.0000
05/01/2016,4.0000
06/01/2016,4.0000
07/01/2016,4.0000
08/01/2016,4.0000
11/01/2016,4.0000
12/01/2016,4.0000
13/01/2016,4.0000
14/01/2016,4.0000
15/01/2016,4.0000
18/01/2016,4.0000
19/01/2016,4.0000
20/01/2016,4.0000
21/01/2016,4.0000
22/01/2016,4.0000
25/01/2016,4.0000
26/01/2016,4.0000
27/01/2016,4.0000
28/01/2016,4.0000
29/01/2016,4.0000
01/02/2016,4.0000
02/02/2016,4.0000
03/02/2016,4.0000
04/02/2016,4.0000
05/02/2016,4.0000
08/02/2016,..
09/02/2016,4.0000
10/02/2016,4.0000
11/02/2016,4.0000
12/02/2016,4.0000
15/02/2016,4.0000
16/02/2016,4.0000
17/02/2016,4.0000
18/02/2016,4.0000
19/02/2016,4.0000
22/02/2016,4.0000
23/02/2016,4.0000
24/02/2016,4.0000
25/02/2016,..
26/02/2016,4.0000
29/02/2016,4.0000
01/03/2016,4.0000
02/03/2016,4.0000
03/03/2016,4.0000
04/03/2016,4.0000
07/03/2016,4.0000
08/03/2016,4.0000
09/03/2016,4.0000
10/03/2016,4.0000
11/03/2016,4.0000
14/03/2016,4.0000
15/03/2016,4.0000
16/03/2016,4.0000
17/03/2016,4.0000
18/03/2016,4.0000
21/03/2016,4.0000
22/03/2016,4.0000
23/03/2016,4.0000
24/03/2016,..
25/03/2016,..
28/03/2016,4.0000
29/03/2016,4.0000
30/03/2016,4.0000
31/03/2016,4.0000
01/04/2016,4.0000
04/04/2016,4.0000
05/04/2016,4.0000
06/04/2016,4.0000
07/04/2016,4.0000
08/04/2016,4.0000
11/04/2016,4.0000
12/04/2016,4.0000
13/04/2016,4.0000
14/04/2016,4.0000
15/04/2016,4.0000
18/04/2016,4.0000
19/04/2016,4.0000
20/04/2016,4.0000
21/04/2016,4.0000
22/04/2016,4.0000
25/04/2016,4.0000
26/04/2016,4.0000
27/04/2016,4.0000
28/04/2016,4.0000
29/04/2016,4.0000
02/05/2016,4.0000
03/05/2016,4.0000
04/05/2016,4.0000
05/05/2016,4.0000
06/05/2016,4.0000
09/05/2016,..
10/05/2016,4.0000
11/05/2016,4.0000
12/05/2016,4.0000
13/05/2016,4.0000
16/05/2016,4.0000
17/05/2016,4.0000
18/05/2016,4.0000
19/05/2016,4.0000
20/05/2016,4.0000
23/05/2016,4.0000
24/05/2016,4.0000
25/05/2016,4.0000
26/05/2016,4.0000
27/05/2016,4.0000
30/05/2016,4.0000
31/05/2016,4.0000
01/06/2016,4.0000
02/06/2016,4.0000
03/06/2016,3.0000
06/06/2016,3.0000
07/06/2016,3.0000
08/06/2016,3.0000
09/06/2016,3.0000
10/06/2016,3.0000
13/06/2016,3.0000
14/06/2016,3.0000
15/06/2016,3.0000
16/06/2016,3.0000
17/06/2016,3.0000
20/06/2016,3.0000
21/06/2016,3.0000
22/06/2016,3.0000
23/06/2016,3.0000
24/06/2016,3.0000
27/06/2016,3.0000
28/06/2016,3.0000
29/06/2016,3.0000
30/06/2016,3.0000
01/07/2016,3.0000
04/07/2016,3.0000
05/07/2016,3.0000
06/07/2016,..
07/07/2016,3.0000
08/07/2016,3.0000
11/07/2016,3.0000
12/07/2016,3.0000
13/07/2016,3.0000
14/07/2016,3.0000
15/07/2016,3.0000
18/07/2016,3.0000
19/07/2016,3.0000
20/07/2016,3.0000
21/07/2016,3.0000
22/07/2016,3.0000
25/07/2016,3.0000
26/07/2016,3.0000
27/07/2016,3.0000
28/07/2016,3.0000
29/07/2016,3.0000
01/08/2016,3.0000
02/08/2016,3.0000
03/08/2016,3.0000
04/08/2016,3.0000
05/08/2016,3.0000
08/08/2016,3.0000
09/08/2016,3.0000
10/08/2016,3.0000
11/08/2016,3.0000
12/08/2016,3.0000
15/08/2016,3.0000
16/08/2016,3.0000
17/08/2016,3.0000
18/08/2016,3.0000
19/08/2016,3.0000
22/08/2016,3.0000
23/08/2016,3.0000
24/08/2016,3.0000
25/08/2016,3.0000
26/08/2016,3.0000
29/08/2016,..
30/08/2016,3.0000
31/08/2016,3.0000
01/09/2016,3.0000
02/09/2016,3.0000
05/09/2016,3.0000
06/09/2016,3.0000
07/09/2016,3.0000
08/09/2016,3.0000
09/09/2016,3.0000
12/09/2016,..
13/09/2016,3.0000
14/09/2016,3.0000
15/09/2016,3.0000
16/09/2016,3.0000
19/09/2016,3.0000
20/09/2016,3.0000
21/09/2016,3.0000
22/09/2016,3.0000
23/09/2016,3.0000
26/09/2016,3.0000
27/09/2016,3.0000
28/09/2016,3.0000
29/09/2016,3.0000
30/09/2016,3.0000
03/10/2016,3.0000
04/10/2016,3.0000
05/10/2016,3.0000
06/10/2016,3.0000
07/10/2016,3.0000
10/10/2016,3.0000
11/10/2016,3.0000
12/10/2016,3.0000
13/10/2016,3.0000
14/10/2016,3.0000
17/10/2016,3.0000
18/10/2016,3.0000
19/10/2016,3.0000
20/10/2016,3.0000
21/10/2016,3.0000
24/10/2016,3.0000
25/10/2016,3.0000
26/10/2016,3.0000
27/10/2016,3.0000
28/10/2016,3.0000
31/10/2016,..
01/11/2016,..
02/11/2016,3.0000
03/11/2016,3.0000
04/11/2016,3.0000
07/11/2016,3.0000
08/11/2016,3.0000
09/11/2016,3.0000
10/11/2016,3.0000
11/11/2016,3.0000
14/11/2016,3.0000
15/11/2016,3.0000
16/11/2016,3.0000
17/11/2016,3.0000
18/11/2016,3.0000
21/11/2016,3.0000
22/11/2016,3.0000
23/11/2016,3.0000
24/11/2016,3.0000
25/11/2016,3.0000
28/11/2016,3.0000
29/11/2016,3.0000
30/11/2016,..
01/12/2016,3.0000
02/12/2016,3.0000
05/12/2016,3.0000
06/12/2016,3.0000
07/12/2016,3.0000
08/12/2016,3.0000
09/12/2016,3.0000
12/12/2016,3.0000
13/12/2016,3.0000
14/12/2016,3.0000
15/12/2016,3.0000
16/12/2016,3.0000
19/12/2016,3.0000
20/12/2016,3.0000
21/12/2016,3.0000
22/12/2016,3.0000
23/12/2016,3.0000
26/12/2016,..
27/12/2016,3.0000
28/12/2016,3.0000
29/12/2016,3.0000
30/12/2016,..
02/01/2017,..
03/01/2017,3.0000
04/01/2017,3.0000
05/01/2017,3.0000
06/01/2017,3.0000
09/01/2017,3.0000
10/01/2017,3.0000
11/01/2017,3.0000
12/01/2017,3.0000
13/01/2017,3.0000
16/01/2017,3.0000
17/01/2017,3.0000
18/01/2017,3.0000
19/01/2017,3.0000
20/01/2017,3.0000
23/01/2017,3.0000
24/01/2017,3.0000
25/01/2017,3.0000
26/01/2017,3.0000
27/01/2017,3.0000
30/01/2017,3.0000
31/01/2017,3.0000
01/02/2017,3.0000
02/02/2017,3.0000
03/02/2017,3.0000
06/02/2017,3.0000
07/02/2017,3.0000
08/02/2017,3.0000
09/02/2017,3.0000
10/02/2017,3.0000
13/02/2017,3.0000
14/02/2017,3.0000
15/02/2017,3.0000
16/02/2017,3.0000
17/02/2017,3.0000
20/02/2017,3.0000
21/02/2017,3.0000
22/02/2017,3.0000
23/02/2017,3.0000
24/02/2017,3.0000
27/02/2017,3.0000
28/02/2017,3.0000
01/03/2017,3.0000
02/03/2017,3.0000
03/03/2017,3.0000
06/03/2017,3.0000
07/03/2017,3.0000
08/03/2017,3.0000
09/03/2017,3.0000
10/03/2017,3.0000
13/03/2017,3.0000
14/03/2017,3.0000
15/03/2017,3.0000
16/03/2017,3.0000
17/03/2017,3.0000
20/03/2017,3.0000
21/03/2017,3.0000
22/03/2017,3.0000
23/03/2017,3.0000
24/03/2017,3.0000
27/03/2017,3.0000
28/03/2017,3.0000
29/03/2017,3.0000
30/03/2017,3.0000
31/03/2017,3.0000
03/04/2017,3.0000
04/04/2017,3.0000
05/04/2017,3.0000
06/04/2017,3.0000
07/04/2017,3.0000
10/04/2017,3.0000
11/04/2017,3.0000
12/04/2017,3.0000
13/04/2017,..
14/04/2017,..
17/04/2017,3.0000
18/04/2017,3.0000
19/04/2017,3.0000
20/04/2017,3.0000
21/04/2017,3.0000
24/04/2017,3.0000
25/04/2017,3.0000
26/04/2017,3.0000
27/04/2017,3.0000
28/04/2017,..
01/05/2017,..
02/05/2017,3.0000
03/05/2017,3.0000
04/05/2017,3.0000
05/05/2017,3.0000
08/05/2017,3.0000
09/05/2017,3.0000
10/05/2017,3.0000
11/05/2017,3.0000
12/05/2017,3.0000
15/05/2017,3.0000
16/05/2017,3.0000
17/05/2017,3.0000
18/05/2017,3.0000
19/05/2017,3.0000
22/05/2017,3.0000
23/05/2017,3.0000
24/05/2017,3.0000
25/05/2017,3.0000
26/05/2017,3.0000
29/05/2017,3.0000
30/05/2017,3.0000
31/05/2017,3.0000
01/06/2017,3.0000
02/06/2017,3.0000
05/06/2017,3.0000
06/06/2017,3.0000
07/06/2017,3.0000
08/06/2017,3.0000
09/06/2017,3.0000
12/06/2017,..
13/06/2017,3.0000
14/06/2017,3.0000
15/06/2017,3.0000
16/06/2017,3.0000
19/06/2017,3.0000
20/06/2017,3.0000
21/06/2017,3.0000
22/06/2017,3.0000
23/06/2017,3.0000
26/06/2017,..
27/06/2017,3.0000
28/06/2017,3.0000
29/06/2017,3.0000
30/06/2017,3.0000
03/07/2017,3.0000
04/07/2017,3.0000
05/07/2017,3.0000
06/07/2017,3.0000
07/07/2017,3.0000
10/07/2017,3.0000
11/07/2017,3.0000
12/07/2017,3.0000
13/07/2017,3.0000
14/07/2017,3.0000
17/07/2017,3.0000
18/07/2017,3.0000
19/07/2017,3.0000
20/07/2017,3.0000
21/07/2017,3.0000
24/07/2017,3.0000
25/07/2017,3.0000
26/07/2017,3.0000
27/07/2017,3.0000
28/07/2017,3.0000
31/07/2017,3.0000
01/08/2017,3.0000
02/08/2017,3.0000
03/08/2017,3.0000
04/08/2017,3.0000
07/08/2017,3.0000
08/08/2017,3.0000
09/08/2017,3.0000
10/08/2017,3.0000
11/08/2017,3.0000
14/08/2017,3.0000
15/08/2017,3.0000
16/08/2017,3.0000
17/08/2017,3.0000
18/08/2017,3.0000
21/08/2017,..
22/08/2017,3.0000
23/08/2017,3.0000
24/08/2017,3.0000
25/08/2017,3.0000
28/08/2017,..
29/08/2017,3.0000
30/08/2017,3.0000
31/08/2017,3.0000
01/09/2017,..
04/09/2017,3.0000
05/09/2017,3.0000
06/09/2017,3.0000
07/09/2017,3.0000
08/09/2017,3.0000
11/09/2017,3.0000
12/09/2017,..
13/09/2017,3.0000
14/09/2017,3.0000
15/09/2017,3.0000
18/09/2017,3.0000
19/09/2017,3.0000
20/09/2017,3.0000
21/09/2017,3.0000
22/09/2017,3.0000
25/09/2017,3.0000
26/09/2017,3.0000
27/09/2017,3.0000
28/09/2017,3.0000
29/09/2017,3.0000
02/10/2017,3.0000
03/10/2017,3.0000
04/10/2017,3.0000
05/10/2017,3.0000
06/10/2017,3.0000
09/10/2017,3.0000
10/10/2017,3.0000
11/10/2017,3.0000
12/10/2017,3.0000
13/10/2017,3.0000
16/10/2017,..
17/10/2017,3.0000
18/10/2017,3.0000
19/10/2017,3.0000
20/10/2017,3.0000
23/10/2017,3.0000
24/10/2017,3.0000
25/10/2017,3.0000
26/10/2017,3.0000
27/10/2017,3.0000
30/10/2017,3.0000
31/10/2017,..
01/11/2017,..
02/11/2017,3.0000
03/11/2017,3.0000
06/11/2017,3.0000
07/11/2017,3.0000
08/11/2017,3.0000
09/11/2017,3.0000
10/11/2017,3.0000
13/11/2017,3.0000
14/11/2017,3.0000
15/11/2017,3.0000
16/11/2017,3.0000
17/11/2017,3.0000
20/11/2017,3.0000
21/11/2017,3.0000
22/11/2017,3.0000
23/11/2017,3.0000
24/11/2017,3.0000
27/11/2017,3.0000
28/11/2017,3.0000
29/11/2017,3.0000
30/11/2017,..
01/12/2017,3.0000
04/12/2017,3.0000
05/12/2017,3.0000
06/12/2017,3.0000
07/12/2017,3.0000
08/12/2017,3.0000
11/12/2017,3.0000
12/12/2017,3.0000
13/12/2017,3.0000
14/12/2017,3.0000
15/12/2017,3.0000
18/12/2017,3.0000
19/12/2017,3.0000
20/12/2017,3.0000
21/12/2017,3.0000
22/12/2017,3.0000
25/12/2017,..
26/12/2017,..
27/12/2017,3.0000
28/12/2017,3.0000
29/12/2017,3.0000
01/01/2018,..
02/01/2018,..
03/01/2018,3.0000
04/01/2018,3.0000
05/01/2018,3.0000
08/01/2018,3.0000
09/01/2018,3.0000
10/01/2018,3.0000
11/01/2018,3.0000
12/01/2018,3.0000
15/01/2018,3.0000
16/01/2018,3.0000
17/01/2018,3.0000
18/01/2018,3.0000
19/01/2018,3.0000
22/01/2018,3.0000
23/01/2018,3.0000
24/01/2018,3.0000
25/01/2018,3.0000
26/01/2018,3.0000
29/01/2018,3.0000
30/01/2018,3.0000
31/01/2018,3.0000
01/02/2018,3.0000
02/02/2018,3.0000
05/02/2018,3.0000
06/02/2018,3.0000
07/02/2018,3.0000
08/02/2018,3.0000
09/02/2018,3.0000
12/02/2018,3.0000
13/02/2018,3.0000
14/02/2018,3.0000
15/02/2018,3.0000
16/02/2018,..
19/02/2018,3.0000
20/02/2018,3.0000
21/02/2018,3.0000
22/02/2018,3.0000
23/02/2018,3.0000
26/02/2018,3.0000
27/02/2018,3.0000
28/02/2018,3.0000
01/03/2018,3.0000
02/03/2018,3.0000
05/03/2018,3.0000
06/03/2018,3.0000
07/03/2018,3.0000
08/03/2018,3.0000
09/03/2018,3.0000
12/03/2018,3.0000
13/03/2018,3.0000
14/03/2018,3.0000
15/03/2018,3.0000
16/03/2018,3.0000
19/03/2018,3.0000
20/03/2018,3.0000
21/03/2018,3.0000
22/03/2018,3.0000
23/03/2018,3.0000
26/03/2018,3.0000
27/03/2018,3.0000
28/03/2018,3.0000
29/03/2018,..
30/03/2018,..
02/04/2018,3.0000
03/04/2018,3.0000
04/04/2018,3.0000
05/04/2018,3.0000
06/04/2018,3.0000
09/04/2018,..
10/04/2018,3.0000
11/04/2018,3.0000
12/04/2018,3.0000
13/04/2018,3.0000
16/04/2018,3.0000
17/04/2018,3.0000
18/04/2018,3.0000
19/04/2018,3.0000
20/04/2018,3.0000
23/04/2018,3.0000
24/04/2018,3.0000
25/04/2018,3.0000
26/04/2018,3.0000
27/04/2018,3.0000
30/04/2018,3.0000
01/05/2018,..
02/05/2018,3.0000
03/05/2018,3.0000
04/05/2018,3.0000
07/05/2018,3.0000
08/05/2018,3.0000
09/05/2018,3.0000
10/05/2018,3.2500
11/05/2018,3.2500
14/05/2018,..
15/05/2018,3.2500
16/05/2018,3.2500
17/05/2018,3.2500
18/05/2018,3.2500
21/05/2018,3.2500
22/05/2018,3.2500
23/05/2018,3.2500
24/05/2018,3.2500
25/05/2018,3.2500
28/05/2018,3.2500
29/05/2018,3.2500
30/05/2018,3.2500
31/05/2018,3.2500
01/06/2018,3.2500
04/06/2018,3.2500
05/06/2018,3.2500
06/06/2018,3.2500
07/06/2018,3.2500
08/06/2018,3.2500
11/06/2018,3.2500
12/06/2018,..
13/06/2018,3.2500
14/06/2018,3.2500
15/06/2018,..
18/06/2018,3.2500
19/06/2018,3.2500
20/06/2018,3.2500
21/06/2018,3.5000
22/06/2018,3.5000
25/06/2018,3.5000
26/06/2018,3.5000
27/06/2018,3.5000
28/06/2018,3.5000
29/06/2018,3.5000
02/07/2018,3.5000
03/07/2018,3.5000
04/07/2018,3.5000
05/07/2018,3.5000
06/07/2018,3.5000
09/07/2018,3.5000
10/07/2018,3.5000
11/07/2018,3.5000
12/07/2018,3.5000
13/07/2018,3.5000
16/07/2018,3.5000
17/07/2018,3.5000
18/07/2018,3.5000
19/07/2018,3.5000
20/07/2018,3.5000
23/07/2018,3.5000
24/07/2018,3.5000
25/07/2018,3.5000
26/07/2018,3.5000
27/07/2018,3.5000
30/07/2018,3.5000
31/07/2018,3.5000
01/08/2018,3.5000
02/08/2018,3.5000
03/08/2018,3.5000
06/08/2018,3.5000
07/08/2018,3.5000
08/08/2018,3.5000
09/08/2018,3.5000
10/08/2018,4.0000
13/08/2018,4.0000
14/08/2018,4.0000
15/08/2018,4.0000
16/08/2018,4.0000
17/08/2018,4.0000
20/08/2018,4.0000
21/08/2018,..
22/08/2018,4.0000
23/08/2018,4.0000
24/08/2018,4.0000
27/08/2018,..
28/08/2018,4.0000
29/08/2018,4.0000
30/08/2018,4.0000
31/08/2018,4.0000
03/09/2018,4.0000
04/09/2018,4.0000
05/09/2018,4.0000
06/09/2018,4.0000
07/09/2018,4.0000
10/09/2018,4.0000
11/09/2018,4.0000
12/09/2018,4.0000
13/09/2018,4.0000
14/09/2018,4.0000
17/09/2018,4.0000
18/09/2018,4.0000
19/09/2018,4.0000
20/09/2018,4.0000
21/09/2018,4.0000
24/09/2018,4.0000
25/09/2018,4.0000
26/09/2018,4.0000
27/09/2018,4.0000
28/09/2018,4.5000
01/10/2018,4.5000
02/10/2018,4.5000
03/10/2018,4.5000
04/10/2018,4.5000
05/10/2018,4.5000
08/10/2018,4.5000
09/10/2018,4.5000
10/10/2018,4.5000
11/10/2018,4.5000
12/10/2018,4.5000
15/10/2018,4.5000
16/10/2018,4.5000
17/10/2018,4.5000
18/10/2018,4.5000
19/10/2018,4.5000
22/10/2018,4.5000
23/10/2018,4.5000
24/10/2018,4.5000
25/10/2018,4.5000
26/10/2018,4.5000
29/10/2018,4.5000
30/10/2018,4.5000
31/10/2018,4.5000
01/11/2018,..
02/11/2018,..
05/11/2018,4.5000
06/11/2018,4.5000
07/11/2018,4.5000
08/11/2018,4.5000
09/11/2018,4.5000
12/11/2018,4.5000
13/11/2018,4.5000
14/11/2018,4.5000
15/11/2018,4.5000
16/11/2018,4.7500
19/11/2018,4.7500
20/11/2018,4.7500
21/11/2018,4.7500
22/11/2018,4.7500
23/11/2018,4.7500
26/11/2018,4.7500
27/11/2018,4.7500
28/11/2018,4.7500
29/11/2018,4.7500
30/11/2018,..
03/12/2018,4.7500
04/12/2018,4.7500
05/12/2018,4.7500
06/12/2018,4.7500
07/12/2018,4.7500
10/12/2018,4.7500
11/12/2018,4.7500
12/12/2018,4.7500
13/12/2018,4.7500
14/12/2018,4.7500
17/12/2018,4.7500
18/12/2018,4.7500
19/12/2018,4.7500
20/12/2018,4.7500
21/12/2018,4.7500
24/12/2018,..
25/12/2018,..
26/12/2018,..
27/12/2018,4.7500
28/12/2018,4.7500
31/12/2018,..
01/01/2019,..
02/01/2019,4.7500
03/01/2019,4.7500
04/01/2019,4.7500
07/01/2019,4.7500
08/01/2019,4.7500
09/01/2019,4.7500
10/01/2019,4.7500
11/01/2019,4.7500
14/01/2019,4.7500
15/01/2019,4.7500
16/01/2019,4.7500
17/01/2019,4.7500
18/01/2019,4.7500
21/01/2019,4.7500
22/01/2019,4.7500
23/01/2019,4.7500
24/01/2019,4.7500
25/01/2019,4.7500
28/01/2019,4.7500
29/01/2019,4.7500
30/01/2019,4.7500
31/01/2019,4.7500
01/02/2019,4.7500
04/02/2019,4.7500
05/02/2019,..
06/02/2019,4.7500
07/02/2019,4.7500
08/02/2019,4.7500
11/02/2019,4.7500
12/02/2019,4.7500
13/02/2019,4.7500
14/02/2019,4.7500
15/02/2019,4.7500
18/02/2019,4.7500
19/02/2019,4.7500
20/02/2019,4.7500
21/02/2019,4.7500
22/02/2019,4.7500
25/02/2019,..
26/02/2019,4.7500
27/02/2019,4.7500
28/02/2019,4.7500
01/03/2019,4.7500
04/03/2019,4.7500
05/03/2019,4.7500
06/03/2019,4.7500
07/03/2019,4.7500
08/03/2019,4.7500
11/03/2019,4.7500
12/03/2019,4.7500
13/03/2019,4.7500
14/03/2019,4.7500
15/03/2019,4.7500
16/03/2019,..
17/03/2019,..
18/03/2019,4.7500
19/03/2019,4.7500
20/03/2019,4.7500
21/03/2019,4.7500
22/03/2019,4.7500
23/03/2019,..
24/03/2019,..
25/03/2019,4.7500
26/03/2019,4.7500
27/03/2019,4.7500
28/03/2019,4.7500
29/03/2019,4.7500
01/04/2019,4.7500
02/04/2019,4.7500
03/04/2019,4.7500
04/04/2019,4.7500
05/04/2019,4.7500
08/04/2019,4.7500
09/04/2019,..
10/04/2019,4.7500
11/04/2019,4.7500
12/04/2019,4.7500
15/04/2019,4.7500
16/04/2019,4.7500
17/04/2019,4.7500
18/04/2019,..
19/04/2019,..
22/04/2019,4.7500
23/04/2019,..
24/04/2019,4.7500
25/04/2019,4.7500
26/04/2019,4.7500
29/04/2019,4.7500
30/04/2019,4.7500
01/05/2019,..
02/05/2019,4.7500
03/05/2019,4.7500
06/05/2019,4.7500
07/05/2019,4.7500
08/05/2019,4.7500
09/05/2019,4.7500
10/05/2019,4.5000
13/05/2019,..
14/05/2019,4.5000
15/05/2019,4.5000
16/05/2019,4.5000
17/05/2019,4.5000
20/05/2019,4.5000
21/05/2019,4.5000
22/05/2019,4.5000
23/05/2019,4.5000
24/05/2019,4.5000
27/05/2019,4.5000
28/05/2019,4.5000
29/05/2019,4.5000
30/05/2019,4.5000
31/05/2019,4.5000
03/06/2019,4.5000
04/06/2019,4.5000
05/06/2019,..
06/06/2019,4.5000
07/06/2019,4.5000
10/06/2019,4.5000
11/06/2019,4.5000
12/06/2019,..
13/06/2019,4.5000
14/06/2019,4.5000
17/06/2019,4.5000
18/06/2019,4.5000
19/06/2019,4.5000
20/06/2019,4.5000
21/06/2019,4.5000
22/06/2019,..
23/06/2019,..
24/06/2019,4.5000
25/06/2019,4.5000
26/06/2019,4.5000
27/06/2019,4.5000
28/06/2019,4.5000
01/07/2019,4.5000
02/07/2019,4.5000
03/07/2019,4.5000
04/07/2019,4.5000
05/07/2019,4.5000
08/07/2019,4.5000
09/07/2019,4.5000
10/07/2019,4.5000
11/07/2019,4.5000
12/07/2019,4.5000
15/07/2019,4.5000
16/07/2019,4.5000
17/07/2019,4.5000
18/07/2019,4.5000
19/07/2019,4.5000
22/07/2019,4.5000
23/07/2019,4.5000
24/07/2019,4.5000
25/07/2019,4.5000
26/07/2019,4.5000
29/07/2019,4.5000
30/07/2019,4.5000
31/07/2019,4.5000
01/08/2019,4.5000
02/08/2019,4.5000
05/08/2019,4.5000
06/08/2019,4.5000
07/08/2019,4.5000
08/08/2019,4.5000
09/08/2019,4.2500
12/08/2019,..
13/08/2019,4.2500
14/08/2019,4.2500
15/08/2019,4.2500
16/08/2019,4.2500
19/08/2019,4.2500
20/08/2019,4.2500
21/08/2019,..
22/08/2019,4.2500
23/08/2019,4.2500
26/08/2019,..
27/08/2019,4.2500
28/08/2019,4.2500
29/08/2019,4.2500
30/08/2019,4.2500
02/09/2019,4.2500
03/09/2019,4.2500
04/09/2019,4.2500
05/09/2019,4.2500
06/09/2019,4.2500
09/09/2019,4.2500
10/09/2019,4.2500
11/09/2019,4.2500
12/09/2019,4.2500
13/09/2019,4.2500
16/09/2019,4.2500
17/09/2019,4.2500
18/09/2019,4.2500
19/09/2019,4.2500
20/09/2019,4.2500
23/09/2019,4.2500
24/09/2019,4.2500
25/09/2019,4.2500
26/09/2019,4.2500
27/09/2019,4.0000
30/09/2019,4.0000
01/10/2019,4.0000
02/10/2019,4.0000
03/10/2019,4.0000
04/10/2019,4.0000
07/10/2019,4.0000
08/10/2019,4.0000
09/10/2019,4.0000
10/10/2019,4.0000
11/10/2019,4.0000
14/10/2019,4.0000
15/10/2019,4.0000
16/10/2019,4.0000
17/10/2019,4.0000
18/10/2019,4.0000
21/10/2019,4.0000
22/10/2019,4.0000
23/10/2019,4.0000
24/10/2019,4.0000
25/10/2019,4.0000
28/10/2019,4.0000
29/10/2019,4.0000
30/10/2019,4.0000
31/10/2019,4.0000
01/11/2019,..
04/11/2019,4.0000
05/11/2019,4.0000
06/11/2019,4.0000
07/11/2019,4.0000
08/11/2019,4.0000
11/11/2019,4.0000
12/11/2019,4.0000
13/11/2019,4.0000
14/11/2019,4.0000
15/11/2019,4.0000
18/11/2019,4.0000
19/11/2019,4.0000
20/11/2019,4.0000
21/11/2019,4.0000
22/11/2019,4.0000
25/11/2019,4.0000
26/11/2019,4.0000
27/11/2019,4.0000
28/11/2019,4.0000
29/11/2019,..
02/12/2019,4.0000
03/12/2019,4.0000
04/12/2019,4.0000
05/12/2019,4.0000
06/12/2019,4.0000
09/12/2019,4.0000
10/12/2019,4.0000
11/12/2019,4.0000
12/12/2019,4.0000
13/12/2019,4.0000
16/12/2019,4.0000
17/12/2019,4.0000
18/12/2019,4.0000
19/12/2019,4.0000
20/12/2019,4.0000
23/12/2019,4.0000
24/12/2019,..
25/12/2019,..
26/12/2019,4.0000
27/12/2019,4.0000
30/12/2019,..
31/12/2019,..
01/01/2020,..
02/01/2020,4.0000
03/01/2020,4.0000
06/01/2020,4.0000
07/01/2020,4.0000
08/01/2020,4.0000
09/01/2020,4.0000
10/01/2020,4.0000
13/01/2020,..
14/01/2020,4.0000
15/01/2020,4.0000
16/01/2020,4.0000
17/01/2020,4.0000
20/01/2020,4.0000
21/01/2020,4.0000
22/01/2020,4.0000
23/01/2020,4.0000
24/01/2020,4.0000
27/01/2020,4.0000
28/01/2020,4.0000
29/01/2020,4.0000
30/01/2020,4.0000
31/01/2020,4.0000
03/02/2020,4.0000
04/02/2020,4.0000
05/02/2020,4.0000
06/02/2020,4.0000
07/02/2020,3.7500
10/02/2020,3.7500
11/02/2020,3.7500
12/02/2020,3.7500
13/02/2020,3.7500
14/02/2020,3.7500
17/02/2020,3.7500
18/02/2020,3.7500
19/02/2020,3.7500
20/02/2020,3.7500
21/02/2020,3.7500
24/02/2020,3.7500
25/02/2020,..
26/02/2020,3.7500
27/02/2020,3.7500
28/02/2020,3.7500
02/03/2020,3.7500
03/03/2020,3.7500
04/03/2020,3.7500
05/03/2020,3.7500
06/03/2020,3.7500
09/03/2020,3.7500
10/03/2020,3.7500
11/03/2020,3.7500
12/03/2020,3.7500
13/03/2020,3.7500
16/03/2020,3.7500
17/03/2020,3.7500
18/03/2020,3.7500
19/03/2020,3.7500
20/03/2020,3.2500
23/03/2020,3.2500
24/03/2020,3.2500
25/03/2020,3.2500
26/03/2020,3.2500
27/03/2020,3.2500
30/03/2020,3.2500
31/03/2020,3.2500
01/04/2020,3.2500
02/04/2020,3.2500
03/04/2020,3.2500
06/04/2020,3.2500
07/04/2020,3.2500
08/04/2020,3.2500
09/04/2020,..
10/04/2020,..
13/04/2020,3.2500
14/04/2020,3.2500
15/04/2020,3.2500
16/04/2020,3.2500
17/04/2020,2.7500
20/04/2020,2.7500
21/04/2020,2.7500
22/04/2020,2.7500
23/04/2020,2.7500
24/04/2020,2.7500
27/04/2020,2.7500
28/04/2020,2.7500
29/04/2020,2.7500
30/04/2020,2.7500
01/05/2020,..
04/05/2020,2.7500
05/05/2020,2.7500
06/05/2020,2.7500
07/05/2020,2.7500
08/05/2020,2.7500
11/05/2020,2.7500
12/05/2020,2.7500
13/05/2020,2.7500
14/05/2020,2.7500
15/05/2020,2.7500
18/05/2020,2.7500
19/05/2020,2.7500
20/05/2020,2.7500
21/05/2020,2.7500
22/05/2020,2.7500
25/05/2020,..
26/05/2020,2.7500
27/05/2020,2.7500
28/05/2020,2.7500
29/05/2020,2.7500
01/06/2020,2.7500
02/06/2020,2.7500
03/06/2020,2.7500
04/06/2020,2.7500
05/06/2020,2.7500
08/06/2020,2.7500
09/06/2020,2.7500
10/06/2020,2.7500
11/06/2020,2.7500
12/06/2020,..
15/06/2020,2.7500
16/06/2020,2.7500
17/06/2020,2.7500
18/06/2020,2.7500
19/06/2020,2.7500
22/06/2020,2.7500
23/06/2020,2.7500
24/06/2020,2.7500
25/06/2020,2.7500
26/06/2020,2.2500
29/06/2020,2.2500
30/06/2020,2.2500
01/07/2020,2.2500
02/07/2020,2.2500
03/07/2020,2.2500
06/07/2020,2.2500
07/07/2020,2.2500
08/07/2020,2.2500
09/07/2020,2.2500
10/07/2020,2.2500
13/07/2020,2.2500
14/07/2020,2.2500
15/07/2020,2.2500
16/07/2020,2.2500
17/07/2020,2.2500
20/07/2020,2.2500
21/07/2020,2.2500
22/07/2020,2.2500
23/07/2020,2.2500
24/07/2020,2.2500
27/07/2020,2.2500
28/07/2020,2.2500
29/07/2020,2.2500
30/07/2020,2.2500
31/07/2020,..
03/08/2020,2.2500
04/08/2020,2.2500
05/08/2020,2.2500
06/08/2020,2.2500
07/08/2020,2.2500
10/08/2020,2.2500
11/08/2020,2.2500
12/08/2020,2.2500
13/08/2020,2.2500
14/08/2020,2.2500
17/08/2020,2.2500
18/08/2020,2.2500
19/08/2020,2.2500
20/08/2020,2.2500
21/08/2020,..
24/08/2020,2.2500
25/08/2020,2.2500
26/08/2020,2.2500
27/08/2020,2.2500
28/08/2020,2.2500
31/08/2020,..
01/09/2020,2.2500
02/09/2020,2.2500
03/09/2020,2.2500
04/09/2020,2.2500
07/09/2020,2.2500
08/09/2020,2.2500
09/09/2020,2.2500
10/09/2020,2.2500
11/09/2020,2.2500
14/09/2020,2.2500
15/09/2020,2.2500
16/09/2020,2.2500
17/09/2020,2.2500
18/09/2020,2.2500
21/09/2020,2.2500
22/09/2020,2.2500
23/09/2020,2.2500
24/09/2020,2.2500
25/09/2020,2.2500
28/09/2020,2.2500
29/09/2020,2.2500
30/09/2020,2.2500
01/10/2020,2.2500
02/10/2020,2.2500
05/10/2020,2.2500
06/10/2020,2.2500
07/10/2020,2.2500
08/10/2020,2.2500
09/10/2020,2.2500
12/10/2020,2.2500
13/10/2020,2.2500
14/10/2020,2.2500
15/10/2020,2.2500
16/10/2020,2.2500
19/10/2020,2.2500
20/10/2020,2.2500
21/10/2020,2.2500
22/10/2020,2.2500
23/10/2020,2.2500
26/10/2020,2.2500
27/10/2020,2.2500
28/10/2020,2.2500
29/10/2020,2.2500
30/10/2020,2.2500
02/11/2020,..
03/11/2020,2.2500
04/11/2020,2.2500
05/11/2020,2.2500
06/11/2020,2.2500
09/11/2020,2.2500
10/11/2020,2.2500
11/11/2020,2.2500
12/11/2020,..
13/11/2020,2.2500
16/11/2020,2.2500
17/11/2020,2.2500
18/11/2020,2.2500
19/11/2020,2.2500
20/11/2020,2.0000
23/11/2020,2.0000
24/11/2020,2.0000
25/11/2020,2.0000
26/11/2020,2.0000
27/11/2020,2.0000
30/11/2020,..
01/12/2020,2.0000
02/12/2020,2.0000
03/12/2020,2.0000
04/12/2020,2.0000
07/12/2020,2.0000
08/12/2020,..
09/12/2020,2.0000
10/12/2020,2.0000
11/12/2020,2.0000
14/12/2020,2.0000
15/12/2020,2.0000
16/12/2020,2.0000
17/12/2020,2.0000
18/12/2020,2.0000
21/12/2020,2.0000
22/12/2020,2.0000
23/12/2020,2.0000
24/12/2020,..
25/12/2020,..
28/12/2020,2.0000
29/12/2020,2.0000
30/12/2020,..
31/12/2020,..
04/01/2021,2.0000
05/01/2021,2.0000
06/01/2021,2.0000
07/01/2021,2.0000
08/01/2021,2.0000
11/01/2021,2.0000
12/01/2021,2.0000
13/01/2021,2.0000
14/01/2021,2.0000
15/01/2021,2.0000
18/01/2021,2.0000
19/01/2021,2.0000
20/01/2021,2.0000
21/01/2021,2.0000
22/01/2021,2.0000
25/01/2021,2.0000
26/01/2021,2.0000
27/01/2021,2.0000
28/01/2021,2.0000
29/01/2021,2.0000
01/02/2021,2.0000
02/02/2021,2.0000
03/02/2021,2.0000
04/02/2021,2.0000
05/02/2021,2.0000
08/02/2021,2.0000
09/02/2021,2.0000
10/02/2021,2.0000
11/02/2021,2.0000
15/02/2021,2.0000
16/02/2021,2.0000
17/02/2021,2.0000
18/02/2021,2.0000
19/02/2021,..
22/02/2021,2.0000
23/02/2021,2.0000
24/02/2021,2.0000
26/02/2021,2.0000
01/03/2021,2.0000
02/03/2021,2.0000
03/03/2021,2.0000
04/03/2021,2.0000
05/03/2021,2.0000
08/03/2021,2.0000
09/03/2021,2.0000
10/03/2021,2.0000
11/03/2021,2.0000
12/03/2021,2.0000
15/03/2021,2.0000
16/03/2021,2.0000
17/03/2021,2.0000
18/03/2021,2.0000
19/03/2021,2.0000
22/03/2021,2.0000
23/03/2021,2.0000
24/03/2021,2.0000
25/03/2021,2.0000
26/03/2021,2.0000
29/03/2021,2.0000
30/03/2021,2.0000
31/03/2021,2.0000
25/03/2021,..
26/03/2021,..
05/04/2021,2.0000
06/04/2021,2.0000
07/04/2021,2.0000
08/04/2021,2.0000
09/04/2021,..
12/04/2021,2.0000
13/04/2021,2.0000
14/04/2021,2.0000
15/04/2021,2.0000
16/04/2021,2.0000
19/04/2021,2.0000
20/04/2021,2.0000
21/04/2021,2.0000
22/04/2021,2.0000
23/04/2021,2.0000
26/04/2021,2.0000
27/04/2021,2.0000
28/04/2021,2.0000
29/04/2021,2.0000
30/04/2021,2.0000
03/05/2021,2.0000
04/05/2021,2.0000
05/05/2021,2.0000
06/05/2021,2.0000
07/05/2021,2.0000
10/05/2021,2.0000
11/05/2021,2.0000
12/05/2021,2.0000
13/05/2021,..
14/05/2021,2.0000
17/05/2021,2.0000
18/05/2021,2.0000
19/05/2021,2.0000
20/05/2021,2.0000
21/05/2021,2.0000
24/05/2021,2.0000
25/05/2021,2.0000
26/05/2021,2.0000
27/05/2021,2.0000
28/05/2021,2.0000
31/05/2021,2.0000
01/06/2021,2.0000
02/06/2021,2.0000
03/06/2021,2.0000
04/06/2021,2.0000
07/06/2021,2.0000
08/06/2021,2.0000
09/06/2021,2.0000
10/06/2021,2.0000
11/06/2021,2.0000
14/06/2021,2.0000
15/06/2021,2.0000
16/06/2021,2.0000
17/06/2021,2.0000
18/06/2021,2.0000
21/06/2021,2.0000
22/06/2021,2.0000
23/06/2021,2.0000
24/06/2021,2.0000
25/06/2021,2.0000
28/06/2021,2.0000
29/06/2021,2.0000
30/06/2021,2.0000
01/07/2021,2.0000
02/07/2021,2.0000
05/07/2021,2.0000
06/07/2021,2.0000
07/07/2021,2.0000
08/07/2021,2.0000
09/07/2021,2.0000
12/07/2021,2.0000
13/07/2021,2.0000
14/07/2021,2.0000
15/07/2021,2.0000
16/07/2021,2.0000
19/07/2021,2.0000
20/07/2021,..
21/07/2021,2.0000
22/07/2021,2.0000
23/07/2021,2.0000
26/07/2021,2.0000
27/07/2021,2.0000
28/07/2021,2.0000
29/07/2021,2.0000
30/07/2021,2.0000
02/08/2021,2.0000
03/08/2021,2.0000
04/08/2021,2.0000
05/08/2021,2.0000
06/08/2021,2.0000
09/08/2021,2.0000
10/08/2021,2.0000
11/08/2021,2.0000
12/08/2021,2.0000
13/08/2021,2.0000
16/08/2021,2.0000
17/08/2021,2.0000
18/08/2021,2.0000
19/08/2021,2.0000
20/08/2021,2.0000
23/08/2021,2.0000
24/08/2021,2.0000
25/08/2021,2.0000
26/08/2021,2.0000
27/08/2021,2.0000
30/08/2021,..
31/08/2021,2.0000
01/09/2021,2.0000
02/09/2021,2.0000
03/09/2021,2.0000
06/09/2021,2.0000
07/09/2021,2.0000
08/09/2021,2.0000
09/09/2021,2.0000
10/09/2021,2.0000
13/09/2021,2.0000
14/09/2021,2.0000
15/09/2021,2.0000
16/09/2021,2.0000
17/09/2021,2.0000
20/09/2021,2.0000
21/09/2021,2.0000
22/09/2021,2.0000
23/09/2021,2.0000
24/09/2021,2.0000
27/09/2021,2.0000
28/09/2021,2.0000
29/09/2021,2.0000
30/09/2021,2.0000
01/10/2021,2.0000
04/10/2021,2.0000
05/10/2021,2.0000
06/10/2021,2.0000
07/10/2021,2.0000
08/10/2021,2.0000
11/10/2021,2.0000
12/10/2021,2.0000
13/10/2021,2.0000
14/10/2021,2.0000
15/10/2021,2.0000
18/10/2021,2.0000
19/10/2021,2.0000
20/10/2021,2.0000
21/10/2021,2.0000
22/10/2021,2.0000
25/10/2021,2.0000
26/10/2021,2.0000
27/10/2021,2.0000
28/10/2021,2.0000
29/10/2021,2.0000
01/11/2021,..
02/11/2021,2.0000
03/11/2021,2.0000
04/11/2021,2.0000
05/11/2021,2.0000
08/11/2021,2.0000
09/11/2021,2.0000
10/11/2021,2.0000
11/11/2021,2.0000
12/11/2021,2.0000
15/11/2021,2.0000
16/11/2021,2.0000
17/11/2021,2.0000
18/11/2021,2.0000
19/11/2021,2.0000
22/11/2021,2.0000
23/11/2021,2.0000
24/11/2021,2.0000
25/11/2021,2.0000
26/11/2021,2.0000
29/11/2021,2.0000
30/11/2021,..
01/12/2021,2.0000
02/12/2021,2.0000
03/12/2021,2.0000
06/12/2021,2.0000
07/12/2021,2.0000
08/12/2021,..
09/12/2021,2.0000
10/12/2021,2.0000
13/12/2021,2.0000
14/12/2021,2.0000
15/12/2021,2.0000
16/12/2021,2.0000
17/12/2021,2.0000
20/12/2021,2.0000
21/12/2021,2.0000
22/12/2021,2.0000
23/12/2021,2.0000
24/12/2021,2.0000
27/12/2021,2.0000
28/12/2021,2.0000
29/12/2021,2.0000
30/12/2021,..
31/12/2021,2.0000
03/01/2022,2.0000
04/01/2022,2.0000
05/01/2022,2.0000
06/01/2022,2.0000
07/01/2022,2.0000
10/01/2022,2.0000
11/01/2022,2.0000
12/01/2022,2.0000
13/01/2022,2.0000
14/01/2022,2.0000
17/01/2022,2.0000
18/01/2022,2.0000
19/01/2022,2.0000
20/01/2022,2.0000
21/01/2022,2.0000
24/01/2022,2.0000
25/01/2022,2.0000
26/01/2022,2.0000
27/01/2022,2.0000
28/01/2022,2.0000
31/01/2022,2.0000
01/02/2022,..
02/02/2022,2.0000
03/02/2022,2.0000
04/02/2022,2.0000
07/02/2022,2.0000
08/02/2022,2.0000
09/02/2022,2.0000
10/02/2022,2.0000
11/02/2022,2.0000
14/02/2022,2.0000
15/02/2022,2.0000
16/02/2022,2.0000
17/02/2022,2.0000
18/02/2022,2.0000
21/02/2022,2.0000
22/02/2022,2.0000
23/02/2022,2.0000
24/02/2022,2.0000
25/02/2022,..
28/02/2022,2.0000
01/03/2022,2.0000
02/03/2022,2.0000
03/03/2022,2.0000
04/03/2022,2.0000
07/03/2022,2.0000
08/03/2022,2.0000
09/03/2022,2.0000
10/03/2022,2.0000
11/03/2022,2.0000
14/03/2022,2.0000
15/03/2022,2.0000
16/03/2022,2.0000
17/03/2022,2.0000
18/03/2022,2.0000
21/03/2022,2.0000
22/03/2022,2.0000
23/03/2022,2.0000
24/03/2022,2.0000
25/03/2022,2.0000
28/03/2022,2.0000
29/03/2022,2.0000
30/03/2022,2.0000
31/03/2022,2.0000
01/04/2022,2.0000
04/04/2022,2.0000
05/04/2022,2.0000
06/04/2022,2.0000
07/04/2022,2.0000
08/04/2022,2.0000
11/04/2022,2.0000
12/04/2022,2.0000
13/04/2022,2.0000
14/04/2022,..
15/04/2022,..
18/04/2022,2.0000
19/04/2022,2.0000
20/04/2022,2.0000
21/04/2022,2.0000
22/04/2022,2.0000
25/04/2022,2.0000
26/04/2022,2.0000
27/04/2022,2.0000
28/04/2022,2.0000
29/04/2022,2.0000
02/05/2022,2.0000
03/05/2022,..
04/05/2022,2.0000
05/05/2022,2.0000
06/05/2022,2.0000
09/05/2022,..
10/05/2022,2.0000
11/05/2022,2.0000
12/05/2022,2.0000
13/05/2022,2.0000
16/05/2022,2.0000
17/05/2022,2.0000
18/05/2022,2.0000
19/05/2022,2.0000
20/05/2022,2.2500
23/05/2022,2.2500
24/05/2022,2.2500
25/05/2022,2.2500
26/05/2022,2.2500
27/05/2022,2.2500
30/05/2022,2.2500
31/05/2022,2.2500
01/06/2022,2.2500
02/06/2022,2.2500
03/06/2022,2.2500
06/06/2022,2.2500
07/06/2022,2.2500
08/06/2022,2.2500
09/06/2022,2.2500
10/06/2022,2.2500
13/06/2022,2.2500
14/06/2022,2.2500
15/06/2022,2.2500
16/06/2022,2.2500
17/06/2022,2.2500
20/06/2022,2.2500
21/06/2022,2.2500
22/06/2022,2.2500
23/06/2022,2.2500
24/06/2022,2.5000
27/06/2022,2.5000
28/06/2022,2.5000
29/06/2022,2.5000
30/06/2022,2.5000
01/07/2022,2.5000
04/07/2022,2.5000
05/07/2022,2.5000
06/07/2022,2.5000
07/07/2022,2.5000
08/07/2022,2.5000
11/07/2022,2.5000
12/07/2022,2.5000
13/07/2022,2.5000
14/07/2022,3.2500
15/07/2022,3.2500
18/07/2022,3.2500
19/07/2022,3.2500
20/07/2022,3.2500
21/07/2022,3.2500
22/07/2022,3.2500
25/07/2022,3.2500
26/07/2022,3.2500
27/07/2022,3.2500
28/07/2022,3.2500
29/07/2022,3.2500
01/08/2022,3.2500
02/08/2022,3.2500
03/08/2022,3.2500
04/08/2022,3.2500
05/08/2022,3.2500
08/08/2022,3.2500
09/08/2022,3.2500
10/08/2022,3.2500
11/08/2022,3.2500
12/08/2022,3.2500
15/08/2022,3.2500
16/08/2022,3.2500
17/08/2022,3.2500
18/08/2022,3.2500
19/08/2022,3.7500
22/08/2022,3.7500
23/08/2022,3.7500
24/08/2022,..
25/08/2022,3.7500
26/08/2022,3.7500
29/08/2022,..
30/08/2022,3.7500
31/08/2022,3.7500
01/09/2022,3.7500
02/09/2022,3.7500
05/09/2022,3.7500
06/09/2022,3.7500
07/09/2022,3.7500
08/09/2022,3.7500
09/09/2022,3.7500
12/09/2022,3.7500
13/09/2022,3.7500
14/09/2022,3.7500
15/09/2022,3.7500
16/09/2022,3.7500
19/09/2022,3.7500
20/09/2022,3.7500
21/09/2022,3.7500
22/09/2022,3.7500
23/09/2022,4.2500
26/09/2022,..
27/09/2022,4.2500
28/09/2022,4.2500
29/09/2022,4.2500
30/09/2022,4.2500
03/10/2022,4.2500
04/10/2022,4.2500
05/10/2022,4.2500
06/10/2022,4.2500
07/10/2022,4.2500
10/10/2022,4.2500
11/10/2022,4.2500
12/10/2022,4.2500
13/10/2022,4.2500
14/10/2022,4.2500
17/10/2022,4.2500
18/10/2022,4.2500
19/10/2022,4.2500
20/10/2022,4.2500
21/10/2022,4.2500
24/10/2022,4.2500
25/10/2022,4.2500
26/10/2022,4.2500
27/10/2022,4.2500
28/10/2022,4.2500
31/10/2022,..
01/11/2022,..
02/11/2022,4.2500
03/11/2022,4.2500
04/11/2022,4.2500
07/11/2022,4.2500
08/11/2022,4.2500
09/11/2022,4.2500
10/11/2022,4.2500
11/11/2022,4.2500
14/11/2022,4.2500
15/11/2022,4.2500
16/11/2022,4.2500
17/11/2022,4.2500
18/11/2022,5.0000
21/11/2022,5.0000
22/11/2022,5.0000
23/11/2022,5.0000
24/11/2022,5.0000
25/11/2022,5.0000
28/11/2022,5.0000
29/11/2022,5.0000
30/11/2022,..
01/12/2022,5.0000
02/12/2022,5.0000
05/12/2022,5.0000
06/12/2022,5.0000
07/12/2022,5.0000
08/12/2022,..
09/12/2022,5.0000
12/12/2022,5.0000
13/12/2022,5.0000
14/12/2022,5.0000
15/12/2022,5.0000
16/12/2022,5.5000
19/12/2022,5.5000
20/12/2022,5.5000
21/12/2022,5.5000
22/12/2022,5.5000
23/12/2022,5.5000
26/12/2022,..
27/12/2022,5.5000
28/12/2022,5.5000
29/12/2022,5.5000
30/12/2022,..
02/01/2023,..
03/01/2023,5.5000
04/01/2023,5.5000
05/01/2023,5.5000
06/01/2023,5.5000
09/01/2023,5.5000
10/01/2023,5.5000
11/01/2023,5.5000
12/01/2023,5.5000
13/01/2023,5.5000
16/01/2023,5.5000
17/01/2023,5.5000
18/01/2023,5.5000
19/01/2023,5.5000
20/01/2023,5.5000
23/01/2023,5.5000
24/01/2023,5.5000
25/01/2023,5.5000
26/01/2023,5.5000
27/01/2023,5.5000
30/01/2023,5.5000
31/01/2023,5.5000
01/02/2023,5.5000
02/02/2023,5.5000
03/02/2023,5.5000
06/02/2023,5.5000
07/02/2023,5.5000
08/02/2023,5.5000
09/02/2023,5.5000
10/02/2023,5.5000
13/02/2023,5.5000
14/02/2023,5.5000
15/02/2023,5.5000
16/02/2023,5.5000
17/02/2023,6.0000
20/02/2023,6.0000
21/02/2023,6.0000
22/02/2023,6.0000
23/02/2023,6.0000
24/02/2023,..
27/02/2023,6.0000
28/02/2023,6.0000
01/03/2023,6.0000
02/03/2023,6.0000
03/03/2023,6.0000
06/03/2023,6.0000
07/03/2023,6.0000
08/03/2023,6.0000
09/03/2023,6.0000
10/03/2023,6.0000
13/03/2023,6.0000
14/03/2023,6.0000
15/03/2023,6.0000
16/03/2023,6.0000
17/03/2023,6.0000
20/03/2023,6.0000
21/03/2023,6.0000
22/03/2023,6.0000
23/03/2023,6.0000
24/03/2023,6.2500
27/03/2023,6.2500
28/03/2023,6.2500
29/03/2023,6.2500
30/03/2023,6.2500
31/03/2023,6.2500
03/04/2023,6.2500
04/04/2023,6.2500
05/04/2023,6.2500
06/04/2023,..
07/04/2023,..
10/04/2023,..
11/04/2023,6.2500
12/04/2023,6.2500
13/04/2023,6.2500
14/04/2023,6.2500
17/04/2023,6.2500
18/04/2023,6.2500
19/04/2023,6.2500
20/04/2023,6.2500
21/04/2023,..
24/04/2023,6.2500
25/04/2023,6.2500
26/04/2023,6.2500
27/04/2023,6.2500
28/04/2023,6.2500
01/05/2023,..
02/05/2023,6.2500
03/05/2023,6.2500
04/05/2023,6.2500
05/05/2023,6.2500
08/05/2023,6.2500
09/05/2023,6.2500
10/05/2023,6.2500
11/05/2023,6.2500
12/05/2023,6.2500
15/05/2023,6.2500
16/05/2023,6.2500
17/05/2023,6.2500
18/05/2023,6.2500
19/05/2023,6.2500
22/05/2023,6.2500
23/05/2023,6.2500
24/05/2023,6.2500
25/05/2023,6.2500
26/05/2023,6.2500
29/05/2023,6.2500
30/05/2023,6.2500
31/05/2023,6.2500
01/06/2023,6.2500
02/06/2023,6.2500
05/06/2023,6.2500
06/06/2023,6.2500
07/06/2023,6.2500
08/06/2023,6.2500
09/06/2023,6.2500
12/06/2023,..
13/06/2023,6.2500
14/06/2023,6.2500
15/06/2023,6.2500
16/06/2023,6.2500
19/06/2023,6.2500
20/06/2023,6.2500
21/06/2023,6.2500
22/06/2023,6.2500
23/06/2023,6.2500
26/06/2023,6.2500
27/06/2023,6.2500
28/06/2023,..
29/06/2023,6.2500
30/06/2023,6.2500
03/07/2023,6.2500
04/07/2023,6.2500
05/07/2023,6.2500
06/07/2023,6.2500
07/07/2023,6.2500
10/07/2023,6.2500
11/07/2023,6.2500
12/07/2023,6.2500
13/07/2023,6.2500
14/07/2023,6.2500
17/07/2023,6.2500
18/07/2023,6.2500
19/07/2023,6.2500
20/07/2023,6.2500
21/07/2023,6.2500
24/07/2023,..
25/07/2023,6.2500
26/07/2023,6.2500
27/07/2023,6.2500
28/07/2023,6.2500
31/07/2023,6.2500
01/08/2023,6.2500
02/08/2023,6.2500
03/08/2023,6.2500
04/08/2023,6.2500
07/08/2023,6.2500
08/08/2023,6.2500
09/08/2023,6.2500
10/08/2023,6.2500
11/08/2023,6.2500
14/08/2023,6.2500
15/08/2023,6.2500
16/08/2023,6.2500
17/08/2023,6.2500
18/08/2023,6.2500
21/08/2023,..
22/08/2023,6.2500
23/08/2023,6.2500
24/08/2023,6.2500
25/08/2023,6.2500
28/08/2023,..
29/08/2023,6.2500
30/08/2023,6.2500
31/08/2023,6.2500
01/09/2023,6.2500
04/09/2023,6.2500
05/09/2023,6.2500
06/09/2023,6.2500
07/09/2023,6.2500
08/09/2023,6.2500
11/09/2023,6.2500
12/09/2023,6.2500
13/09/2023,6.2500
14/09/2023,6.2500
15/09/2023,6.2500
18/09/2023,6.2500
19/09/2023,6.2500
20/09/2023,6.2500
21/09/2023,6.2500
22/09/2023,6.2500
25/09/2023,6.2500
26/09/2023,6.2500
27/09/2023,6.2500
28/09/2023,6.2500
29/09/2023,6.2500
02/10/2023,6.2500
03/10/2023,6.2500
04/10/2023,6.2500
05/10/2023,6.2500
06/10/2023,6.2500
09/10/2023,6.2500
10/10/2023,6.2500
11/10/2023,6.2500
12/10/2023,6.2500
13/10/2023,6.2500
16/10/2023,6.2500
17/10/2023,6.2500
18/10/2023,6.2500
19/10/2023,6.2500
20/10/2023,6.2500
23/10/2023,6.2500
24/10/2023,6.2500
25/10/2023,6.2500
26/10/2023,6.2500
27/10/2023,6.5000
30/10/2023,..
31/10/2023,6.5000
01/11/2023,..
02/11/2023,..
03/11/2023,6.5000
06/11/2023,6.5000
07/11/2023,6.5000
08/11/2023,6.5000
09/11/2023,6.5000
10/11/2023,6.5000
13/11/2023,6.5000
14/11/2023,6.5000
15/11/2023,6.5000
16/11/2023,6.5000
17/11/2023,6.5000
20/11/2023,6.5000
21/11/2023,6.5000
22/11/2023,6.5000
23/11/2023,6.5000
24/11/2023,6.5000
27/11/2023,..
28/11/2023,6.5000
29/11/2023,6.5000
30/11/2023,6.5000
01/12/2023,6.5000
04/12/2023,6.5000
05/12/2023,6.5000
06/12/2023,6.5000
07/12/2023,6.5000
08/12/2023,..
11/12/2023,6.5000
12/12/2023,6.5000
13/12/2023,6.5000
14/12/2023,6.5000
15/12/2023,6.5000
18/12/2023,6.5000
19/12/2023,6.5000
20/12/2023,6.5000
21/12/2023,6.5000
22/12/2023,6.5000
25/12/2023,..
26/12/2023,..
27/12/2023,6.5000
28/12/2023,6.5000
29/12/2023,6.5000
01/01/2024,..
02/01/2024,6.5000
03/01/2024,6.5000
04/01/2024,6.5000
05/01/2024,6.5000
08/01/2024,6.5000
09/01/2024,6.5000
10/01/2024,6.5000
11/01/2024,6.5000
12/01/2024,6.5000
15/01/2024,6.5000
16/01/2024,6.5000
17/01/2024,6.5000
18/01/2024,6.5000
19/01/2024,6.5000
22/01/2024,6.5000
23/01/2024,6.5000
24/01/2024,6.5000
25/01/2024,6.5000
26/01/2024,6.5000
29/01/2024,6.5000
30/01/2024,6.5000
31/01/2024,6.5000
01/02/2024,6.5000
02/02/2024,6.5000
05/02/2024,6.5000
06/02/2024,6.5000
07/02/2024,6.5000
08/02/2024,6.5000
09/02/2024,..
12/02/2024,6.5000
13/02/2024,6.5000
14/02/2024,6.5000
15/02/2024,6.5000
16/02/2024,6.5000
19/02/2024,6.5000
20/02/2024,6.5000
21/02/2024,6.5000
22/02/2024,6.5000
23/02/2024,6.5000
26/02/2024,6.5000
27/02/2024,6.5000
28/02/2024,6.5000
29/02/2024,6.5000
01/03/2024,6.5000
04/03/2024,6.5000
05/03/2024,6.5000
06/03/2024,6.5000
07/03/2024,6.5000
08/03/2024,6.5000
11/03/2024,6.5000
12/03/2024,6.5000
13/03/2024,6.5000
14/03/2024,6.5000
15/03/2024,6.5000
18/03/2024,6.5000
19/03/2024,6.5000
20/03/2024,6.5000
21/03/2024,6.5000
22/03/2024,6.5000
25/03/2024,6.5000
26/03/2024,6.5000
27/03/2024,6.5000
28/03/2024,..
29/03/2024,..
01/04/2024,6.5000
02/04/2024,6.5000
03/04/2024,6.5000
04/04/2024,6.5000
05/04/2024,6.5000
08/04/2024,6.5000
09/04/2024,..
10/04/2024,..
11/04/2024,6.5000
12/04/2024,6.5000
15/04/2024,6.5000
16/04/2024,6.5000
17/04/2024,6.5000
18/04/2024,6.5000
19/04/2024,6.5000
22/04/2024,6.5000
23/04/2024,6.5000
24/04/2024,6.5000
25/04/2024,6.5000
26/04/2024,6.5000
29/04/2024,6.5000
30/04/2024,6.5000
01/05/2024,..
02/05/2024,6.5000
03/05/2024,6.5000
06/05/2024,6.5000
07/05/2024,6.5000
08/05/2024,6.5000
09/05/2024,6.5000
10/05/2024,6.5000
13/05/2024,6.5000
14/05/2024,6.5000
15/05/2024,6.5000
16/05/2024,6.5000
17/05/2024,6.5000
20/05/2024,6.5000
21/05/2024,6.5000
22/05/2024,6.5000
23/05/2024,6.5000
24/05/2024,6.5000
27/05/2024,6.5000
28/05/2024,6.5000
29/05/2024,6.5000
30/05/2024,6.5000
31/05/2024,6.5000
03/06/2024,6.5000
04/06/2024,6.5000
05/06/2024,6.5000
06/06/2024,6.5000
07/06/2024,6.5000
10/06/2024,6.5000
11/06/2024,6.5000
12/06/2024,..
13/06/2024,6.5000
14/06/2024,6.5000
17/06/2024,..
18/06/2024,6.5000
19/06/2024,6.5000
20/06/2024,6.5000
21/06/2024,6.5000
24/06/2024,6.5000
25/06/2024,6.5000
26/06/2024,6.5000
27/06/2024,6.5000
28/06/2024,6.5000
01/07/2024,6.5000
02/07/2024,6.5000
03/07/2024,6.5000
04/07/2024,6.5000
05/07/2024,6.5000
08/07/2024,6.5000
09/07/2024,6.5000
10/07/2024,6.5000
11/07/2024,6.5000
12/07/2024,6.5000
15/07/2024,6.5000
16/07/2024,6.5000
17/07/2024,6.5000
18/07/2024,6.5000
19/07/2024,6.5000
22/07/2024,6.5000
23/07/2024,6.5000
24/07/2024,..
25/07/2024,..
26/07/2024,6.5000
29/07/2024,6.5000
30/07/2024,6.5000
31/07/2024,6.5000
01/08/2024,6.5000
02/08/2024,6.5000
05/08/2024,6.5000
06/08/2024,6.5000
07/08/2024,6.5000
08/08/2024,6.5000
09/08/2024,6.5000
12/08/2024,6.5000
13/08/2024,6.5000
14/08/2024,6.5000
15/08/2024,6.5000
16/08/2024,6.2500
19/08/2024,6.2500
20/08/2024,6.2500
21/08/2024,6.2500
22/08/2024,6.2500
23/08/2024,..
26/08/2024,..
27/08/2024,6.2500
28/08/2024,..
29/08/2024,6.2500
30/08/2024,6.2500
02/09/2024,..
03/09/2024,6.2500
04/09/2024,6.2500
05/09/2024,6.2500
06/09/2024,6.2500
09/09/2024,6.2500
10/09/2024,6.2500
11/09/2024,6.2500
12/09/2024,6.2500
13/09/2024,6.2500
16/09/2024,6.2500
17/09/2024,6.2500
18/09/2024,6.2500
19/09/2024,6.2500
20/09/2024,6.2500
23/09/2024,6.2500
24/09/2024,6.2500
25/09/2024,6.2500
26/09/2024,6.2500
27/09/2024,6.2500
30/09/2024,6.2500
01/10/2024,6.2500
02/10/2024,6.2500
03/10/2024,6.2500
04/10/2024,6.2500
07/10/2024,6.2500
08/10/2024,6.2500
09/10/2024,6.2500
10/10/2024,6.2500
11/10/2024,6.2500
14/10/2024,6.2500
15/10/2024,6.2500
16/10/2024,6.2500
17/10/2024,6.0000
18/10/2024,6.0000
21/10/2024,6.0000
22/10/2024,6.0000
23/10/2024,..
24/10/2024,..
25/10/2024,6.0000
28/10/2024,6.0000
29/10/2024,6.0000
30/10/2024,6.0000
31/10/2024,6.0000
01/11/2024,..
04/11/2024,6.0000
05/11/2024,6.0000
06/11/2024,6.0000
07/11/2024,6.0000
08/11/2024,6.0000
11/11/2024,6.0000
12/11/2024,6.0000
13/11/2024,6.0000
14/11/2024,6.0000
15/11/2024,6.0000
18/11/2024,6.0000
19/11/2024,6.0000
20/11/2024,6.0000
21/11/2024,6.0000
22/11/2024,6.0000
25/11/2024,6.0000
26/11/2024,6.0000
27/11/2024,6.0000
28/11/2024,6.0000
29/11/2024,6.0000
02/12/2024,6.0000
03/12/2024,6.0000
04/12/2024,6.0000
05/12/2024,6.0000
06/12/2024,6.0000
09/12/2024,6.0000
10/12/2024,6.0000
11/12/2024,6.0000
12/12/2024,6.0000
13/12/2024,6.0000
16/12/2024,6.0000
17/12/2024,6.0000
18/12/2024,6.0000
19/12/2024,6.0000
20/12/2024,5.7500
23/12/2024,5.7500
24/12/2024,..
25/12/2024,..
26/12/2024,5.7500
27/12/2024,5.7500
30/12/2024,..
31/12/2024,..
01/01/2025,..
02/01/2025,5.7500
03/01/2025,5.7500
06/01/2025,5.7500
07/01/2025,5.7500
08/01/2025,5.7500
09/01/2025,5.7500
10/01/2025,5.7500
13/01/2025,5.7500
14/01/2025,5.7500
15/01/2025,5.7500
16/01/2025,5.7500
17/01/2025,5.7500
20/01/2025,5.7500
21/01/2025,5.7500
22/01/2025,5.7500
23/01/2025,5.7500
24/01/2025,5.7500
27/01/2025,5.7500
28/01/2025,5.7500
29/01/2025,..
30/01/2025,5.7500
31/01/2025,5.7500
03/02/2025,5.7500
04/02/2025,5.7500
05/02/2025,5.7500
06/02/2025,5.7500
07/02/2025,5.7500
10/02/2025,5.7500
11/02/2025,5.7500
12/02/2025,5.7500
13/02/2025,5.7500
14/02/2025,5.7500
17/02/2025,5.7500
18/02/2025,5.7500
19/02/2025,5.7500
20/02/2025,5.7500
21/02/2025,5.7500
24/02/2025,5.7500
25/02/2025,5.7500
26/02/2025,5.7500
27/02/2025,5.7500
28/02/2025,5.7500
03/03/2025,5.7500
04/03/2025,5.7500
05/03/2025,5.7500
06/03/2025,5.7500
07/03/2025,5.7500
10/03/2025,5.7500
11/03/2025,5.7500
12/03/2025,5.7500
13/03/2025,5.7500
14/03/2025,5.7500
17/03/2025,5.7500
18/03/2025,5.7500
19/03/2025,5.7500
20/03/2025,5.7500
21/03/2025,5.7500
24/03/2025,5.7500
25/03/2025,5.7500
26/03/2025,5.7500
27/03/2025,5.7500
28/03/2025,5.7500
31/03/2025,5.7500
01/04/2025,..
02/04/2025,5.7500
03/04/2025,5.7500
04/04/2025,5.7500
07/04/2025,5.7500
08/04/2025,5.7500
09/04/2025,..
10/04/2025,5.7500
11/04/2025,5.5000
14/04/2025,5.5000
15/04/2025,5.5000
16/04/2025,5.5000
17/04/2025,..
18/04/2025,..
21/04/2025,5.5000
22/04/2025,5.5000
23/04/2025,5.5000
24/04/2025,5.5000
25/04/2025,5.5000
28/04/2025,5.5000
29/04/2025,5.5000
30/04/2025,5.5000
01/05/2025,..
02/05/2025,5.5000
05/05/2025,5.5000
06/05/2025,5.5000
07/05/2025,5.5000
08/05/2025,5.5000
09/05/2025,5.5000
13/05/2025,5.5000
14/05/2025,5.5000
15/05/2025,5.5000
16/05/2025,5.5000
19/05/2025,5.5000
20/05/2025,5.5000
21/05/2025,5.5000
22/05/2025,5.5000
23/05/2025,5.5000
26/05/2025,5.5000
27/05/2025,5.5000
28/05/2025,5.5000
29/05/2025,5.5000
30/05/2025,5.5000
02/06/2025,5.5000
03/06/2025,5.5000
04/06/2025,5.5000
05/06/2025,5.5000
06/06/2025,..
09/06/2025,5.5000
10/06/2025,5.5000
11/06/2025,5.5000
12/06/2025,..
13/06/2025,5.5000
16/06/2025,5.5000
17/06/2025,5.5000
18/06/2025,5.5000
19/06/2025,5.5000
20/06/2025,5.2500
23/06/2025,5.2500
24/06/2025,5.2500
25/06/2025,5.2500
26/06/2025,5.2500
27/06/2025,5.2500
30/06/2025,5.2500
01/07/2025,5.2500
02/07/2025,5.2500
03/07/2025,5.2500
04/07/2025,5.2500
07/07/2025,5.2500
08/07/2025,5.2500
09/07/2025,5.2500
10/07/2025,5.2500
11/07/2025,5.2500
14/07/2025,5.2500
15/07/2025,5.2500
16/07/2025,5.2500
17/07/2025,5.2500
18/07/2025,5.2500
21/07/2025,5.2500
22/07/2025,5.2500
23/07/2025,5.2500
24/07/2025,5.2500
25/07/2025,5.2500
28/07/2025,5.2500
29/07/2025,5.2500
30/07/2025,5.2500
31/07/2025,5.2500
01/08/2025,5.2500
04/08/2025,5.2500
05/08/2025,5.2500
06/08/2025,5.2500
07/08/2025,5.2500
08/08/2025,5.2500
11/08/2025,5.2500
12/08/2025,5.2500
13/08/2025,5.2500
14/08/2025,5.2500
15/08/2025,5.2500
18/08/2025,5.2500
19/08/2025,5.2500
20/08/2025,5.2500
21/08/2025,..
22/08/2025,5.2500
25/08/2025,..
26/08/2025,5.2500
27/08/2025,5.2500
28/08/2025,5.2500
29/08/2025,5.0000
01/09/2025,5.0000
02/09/2025,5.0000
03/09/2025,5.0000
04/09/2025,5.0000
05/09/2025,5.0000
08/09/2025,5.0000
09/09/2025,5.0000
10/09/2025,5.0000
11/09/2025,5.0000
12/09/2025,5.0000
15/09/2025,5.0000
16/09/2025,5.0000
17/09/2025,5.0000
18/09/2025,5.0000
19/09/2025,5.0000
22/09/2025,5.0000
23/09/2025,5.0000
24/09/2025,5.0000
25/09/2025,5.0000
26/09/2025,5.0000
29/09/2025,5.0000
30/09/2025,5.0000
01/10/2025,5.0000
02/10/2025,5.0000
03/10/2025,5.0000
06/10/2025,5.0000
07/10/2025,5.0000
08/10/2025,5.0000
09/10/2025,5.0000
10/10/2025,4.7500
13/10/2025,4.7500
14/10/2025,4.7500
15/10/2025,4.7500
16/10/2025,4.7500
17/10/2025,4.7500
20/10/2025,4.7500
21/10/2025,4.7500
22/10/2025,4.7500
23/10/2025,4.7500
24/10/2025,4.7500
27/10/2025,4.7500
28/10/2025,4.7500
29/10/2025,4.7500
30/10/2025,4.7500
03/11/2025,4.7500
04/11/2025,4.7500
05/11/2025,4.7500
06/11/2025,4.7500
07/11/2025,4.7500
10/11/2025,4.7500
11/11/2025,4.7500
12/11/2025,4.7500
13/11/2025,4.7500
14/11/2025,4.7500
17/11/2025,4.7500
18/11/2025,4.7500
19/11/2025,4.7500
20/11/2025,4.7500
21/11/2025,4.7500
24/11/2025,4.7500
25/11/2025,4.7500
26/11/2025,4.7500
27/11/2025,4.7500
28/11/2025,4.7500
01/12/2025,4.7500
02/12/2025,4.7500
03/12/2025,4.7500
04/12/2025,4.7500
05/12/2025,4.7500
08/12/2025,..
09/12/2025,4.7500
10/12/2025,4.7500
11/12/2025,4.7500
12/12/2025,4.5000
15/12/2025,4.5000
16/12/2025,4.5000
17/12/2025,4.5000
18/12/2025,4.5000
19/12/2025,4.5000
22/12/2025,4.5000
23/12/2025,4.5000
24/12/2025,..
25/12/2025,..
26/12/2025,4.5000
29/12/2025,4.5000
30/12/2025,..
31/12/2025,..
01/01/2026,..
02/01/2026,4.5000
05/01/2026,4.5000
06/01/2026,4.5000
07/01/2026,4.5000
08/01/2026,4.5000
09/01/2026,4.5000
12/01/2026,4.5000
13/01/2026,4.5000
14/01/2026,4.5000
15/01/2026,4.5000
16/01/2026,4.5000
19/01/2026,4.5000
20/01/2026,4.5000
21/01/2026,4.5000
22/01/2026,4.5000
23/01/2026,4.5000
26/01/2026,4.5000
27/01/2026,4.5000
28/01/2026,4.5000
29/01/2026,4.5000
30/01/2026,4.5000
02/02/2026,4.5000
03/02/2026,4.5000
04/02/2026,4.5000
05/02/2026,4.5000
06/02/2026,4.5000
09/02/2026,4.5000
10/02/2026,4.5000
11/02/2026,4.5000
12/02/2026,4.5000
13/02/2026,4.5000
16/02/2026,4.5000
17/02/2026,..
18/02/2026,4.5000
19/02/2026,4.5000
20/02/2026,4.2500
23/02/2026,4.2500
24/02/2026,4.2500
25/02/2026,4.2500
26/02/2026,4.2500
27/02/2026,4.2500
02/03/2026,4.2500
03/03/2026,4.2500
04/03/2026,4.2500
05/03/2026,4.2500
06/03/2026,4.2500
09/03/2026,4.2500
10/03/2026,4.2500
11/03/2026,4.2500
12/03/2026,4.2500
13/03/2026,4.2500
16/03/2026,4.2500
17/03/2026,4.2500
18/03/2026,4.2500
19/03/2026,4.2500
20/03/2026,..
23/03/2026,4.2500
24/03/2026,4.2500
25/03/2026,4.2500
26/03/2026,4.2500
27/03/2026,4.2500
30/03/2026,4.2500
31/03/2026,4.2500
01/04/2026,4.2500
02/04/2026,..
03/04/2026,..
06/04/2026,4.2500
07/04/2026,4.2500
08/04/2026,4.2500
09/04/2026,..
10/04/2026,4.2500
13/04/2026,4.2500
14/04/2026,4.2500
15/04/2026,4.2500
16/04/2026,4.2500
17/04/2026,4.2500
20/04/2026,4.2500
21/04/2026,4.2500
22/04/2026,4.2500
23/04/2026,4.2500
24/04/2026,4.5000
27/04/2026,4.5000
28/04/2026,4.5000
29/04/2026,4.5000
30/04/2026,4.5000
01/05/2026,..
04/05/2026,4.5000
05/05/2026,4.5000
06/05/2026,4.5000
07/05/2026,4.5000
08/05/2026,4.5000
11/05/2026,4.5000
12/05/2026,4.5000
13/05/2026,4.5000
14/05/2026,4.5000
15/05/2026,4.5000
18/05/2026,4.5000
19/05/2026,4.5000
20/05/2026,4.5000
21/05/2026,4.5000
22/05/2026,4.5000
25/05/2026,4.5000
26/05/2026,4.5000
27/05/2026,..
28/05/2026,4.5000
29/05/2026,4.5000
01/06/2026,4.5000
02/06/2026,4.5000
03/06/2026,4.5000
04/06/2026,4.5000
05/06/2026,4.5000
08/06/2026,4.5000
09/06/2026,4.5000
10/06/2026,4.5000
11/06/2026,4.5000
12/06/2026,..
15/06/2026,4.5000
16/06/2026,4.5000
17/06/2026,4.5000
18/06/2026,4.5000
19/06/2026,4.7500
22/06/2026,4.7500
23/06/2026,4.7500
24/06/2026,4.7500
25/06/2026,4.7500
26/06/2026,4.7500
29/06/2026,4.7500
30/06/2026,4.7500
,
,
,
,
,
,
,
,
,
,
,
